"","PassengerId","Type","Survived","Pclass","Sex","Age","Alone","lnFare","Embarked_S","Embarked_C","Embarked_Q"
"1",892,"TEST",0,3,1,34.5,1,2.05786033364623,0,0,1
"2",893,"TEST",1,3,0,47,0,1.94591014905531,1,0,0
"3",894,"TEST",0,2,1,62,1,2.27083639467947,0,0,1
"4",895,"TEST",0,3,1,27,1,2.15900336451602,1,0,0
"5",896,"TEST",1,3,0,22,0,2.50858248547328,1,0,0
"6",897,"TEST",0,3,1,14,1,2.22191718992659,1,0,0
"7",898,"TEST",1,3,0,30,1,2.03198299052013,0,0,1
"8",899,"TEST",0,2,1,26,0,3.36729582998647,1,0,0
"9",900,"TEST",1,3,0,18,1,1.97812837997935,0,1,0
"10",901,"TEST",0,3,1,21,0,3.18428438009858,1,0,0
"11",902,"TEST",0,3,1,21,1,2.06633097252974,1,0,0
"12",903,"TEST",0,1,1,46,1,3.25809653802148,1,0,0
"13",904,"TEST",1,1,0,23,0,4.40996640854943,1,0,0
"14",905,"TEST",0,2,1,63,0,3.25809653802148,1,0,0
"15",906,"TEST",1,1,0,47,0,4.11373860932874,1,0,0
"16",907,"TEST",1,2,0,24,0,3.32218303393412,0,1,0
"17",908,"TEST",0,2,1,35,1,2.51365606307399,0,0,1
"18",909,"TEST",0,3,1,21,1,1.9775472339985,0,1,0
"19",910,"TEST",1,3,0,27,0,2.07002231976334,1,0,0
"20",911,"TEST",1,3,0,45,1,1.9775472339985,0,1,0
"21",912,"TEST",0,1,1,55,0,4.0842942263686,0,1,0
"22",913,"TEST",0,3,1,9,0,1.15398392198086,1,0,0
"23",914,"TEST",1,1,0,21,1,3.45578972818792,1,0,0
"24",915,"TEST",0,1,1,21,0,4.11707101554523,0,1,0
"25",916,"TEST",1,1,0,48,0,5.5697747781408,0,1,0
"26",917,"TEST",0,3,1,50,0,2.67414864942653,1,0,0
"27",918,"TEST",1,1,0,22,0,4.12679884488682,0,1,0
"28",919,"TEST",0,3,1,22.5,1,1.9775472339985,0,1,0
"29",920,"TEST",0,1,1,41,1,3.41772668361337,1,0,0
"30",921,"TEST",0,3,1,7,0,3.07635327552161,0,1,0
"31",922,"TEST",0,2,1,50,0,3.25809653802148,1,0,0
"32",923,"TEST",0,2,1,24,0,3.44998754583159,1,0,0
"33",924,"TEST",1,3,0,33,0,3.02407674656313,1,0,0
"34",925,"TEST",1,3,0,33,0,3.15487049489229,1,0,0
"35",926,"TEST",0,1,1,30,0,4.0561233494019,0,1,0
"36",927,"TEST",0,3,1,18.5,1,1.97812837997935,0,1,0
"37",928,"TEST",1,3,0,23,1,2.08567209143047,1,0,0
"38",929,"TEST",1,3,0,21,1,2.15900336451602,1,0,0
"39",930,"TEST",0,3,1,25,1,2.2512917986065,1,0,0
"40",931,"TEST",0,3,1,28,1,4.03416629910613,1,0,0
"41",932,"TEST",0,3,1,39,0,2.59650019966543,0,1,0
"42",933,"TEST",0,1,1,42,1,3.27902974768795,1,0,0
"43",934,"TEST",0,3,1,41,1,2.06051353179432,1,0,0
"44",935,"TEST",1,2,0,30,1,2.56494935746154,1,0,0
"45",936,"TEST",1,1,0,45,0,3.96184501801123,1,0,0
"46",937,"TEST",0,3,1,25,1,2.07002231976334,1,0,0
"47",938,"TEST",0,1,1,45,1,3.39114704580865,0,1,0
"48",939,"TEST",0,3,1,65,1,2.04769284336526,0,0,1
"49",940,"TEST",1,1,0,60,1,4.33456415124619,0,1,0
"50",941,"TEST",1,3,0,36,0,2.76631910922619,1,0,0
"51",942,"TEST",0,1,1,24,0,4.0943445622221,1,0,0
"52",943,"TEST",0,2,1,27,1,2.71026774054316,0,1,0
"53",944,"TEST",1,2,0,20,0,3.13549421592915,1,0,0
"54",945,"TEST",1,1,0,28,0,5.57215403217776,1,0,0
"55",946,"TEST",0,2,1,27,1,2.74593669124235,0,1,0
"56",947,"TEST",0,3,1,10,0,3.37159691188586,0,0,1
"57",948,"TEST",0,3,1,35,1,2.06633097252974,1,0,0
"58",949,"TEST",0,3,1,25,1,2.03470564783844,1,0,0
"59",950,"TEST",0,3,1,30,0,2.77881927199042,1,0,0
"60",951,"TEST",1,1,0,36,1,5.5697747781408,0,1,0
"61",952,"TEST",0,3,1,17,1,2.06633097252974,1,0,0
"62",953,"TEST",0,2,1,32,1,2.60268968544438,1,0,0
"63",954,"TEST",0,3,1,18,1,2.04769284336526,1,0,0
"64",955,"TEST",1,3,0,22,1,2.04446182278381,0,0,1
"65",956,"TEST",0,1,1,13,0,5.5697747781408,0,1,0
"66",957,"TEST",1,2,0,31,1,3.04452243772342,1,0,0
"67",958,"TEST",1,3,0,18,1,2.06422637587336,0,0,1
"68",959,"TEST",0,1,1,47,1,3.74714836223791,1,0,0
"69",960,"TEST",0,1,1,31,1,3.35121901185591,0,1,0
"70",961,"TEST",1,1,0,60,0,5.57215403217776,1,0,0
"71",962,"TEST",1,3,0,24,1,2.04769284336526,0,0,1
"72",963,"TEST",0,3,1,21,1,2.06633097252974,1,0,0
"73",964,"TEST",1,3,0,29,1,2.07002231976334,1,0,0
"74",965,"TEST",0,1,1,28.5,1,3.32218303393412,0,1,0
"75",966,"TEST",1,1,0,35,1,5.35422499848633,0,1,0
"76",967,"TEST",0,1,1,32.5,1,5.35422499848633,0,1,0
"77",968,"TEST",0,3,1,32,1,2.08567209143047,1,0,0
"78",969,"TEST",1,1,0,55,0,3.24649099190117,1,0,0
"79",970,"TEST",0,2,1,30,1,2.56494935746154,1,0,0
"80",971,"TEST",1,3,0,24,1,2.04769284336526,0,0,1
"81",972,"TEST",0,3,1,6,0,2.7243040552851,0,1,0
"82",973,"TEST",0,1,1,67,0,5.40168229234028,1,0,0
"83",974,"TEST",0,1,1,49,1,3.25809653802148,1,0,0
"84",975,"TEST",0,3,1,21,1,2.06633097252974,1,0,0
"85",976,"TEST",0,2,1,61,1,2.37101914170196,0,0,1
"86",977,"TEST",0,3,1,26,0,2.6709850297652,0,1,0
"87",978,"TEST",1,3,0,27,1,2.06422637587336,0,0,1
"88",979,"TEST",1,3,0,18,1,2.08567209143047,1,0,0
"89",980,"TEST",1,3,0,24,1,2.04769284336526,0,0,1
"90",981,"TEST",0,2,1,2,0,3.13549421592915,1,0,0
"91",982,"TEST",1,3,0,22,0,2.63188884013665,1,0,0
"92",983,"TEST",0,3,1,26,1,2.0509134580653,1,0,0
"93",984,"TEST",1,1,0,27,0,3.95124371858143,1,0,0
"94",985,"TEST",0,3,1,32,1,2.08567209143047,1,0,0
"95",986,"TEST",0,1,1,25,1,3.25809653802148,0,1,0
"96",987,"TEST",0,3,1,25,1,2.05358512713461,1,0,0
"97",988,"TEST",1,1,0,70.5,0,4.36754731340905,1,0,0
"98",989,"TEST",0,3,1,29,1,2.07002231976334,1,0,0
"99",990,"TEST",1,3,0,20,1,2.06104842056294,1,0,0
"100",991,"TEST",0,3,1,33,1,2.08567209143047,1,0,0
"101",992,"TEST",1,1,0,43,0,4.01533201819219,0,1,0
"102",993,"TEST",0,2,1,27,0,3.25809653802148,1,0,0
"103",994,"TEST",0,3,1,65,1,2.04769284336526,0,0,1
"104",995,"TEST",0,3,1,26,1,2.0509134580653,1,0,0
"105",996,"TEST",1,3,0,16,0,2.14202894186827,0,1,0
"106",997,"TEST",0,3,1,28,1,3.1146258034944,1,0,0
"107",998,"TEST",0,3,1,21,1,2.05678685111503,0,0,1
"108",999,"TEST",0,3,1,65,1,2.04769284336526,0,0,1
"109",1000,"TEST",0,3,1,24,1,2.16475877608664,1,0,0
"110",1001,"TEST",0,2,1,18.5,1,2.56494935746154,1,0,0
"111",1002,"TEST",0,2,1,41,1,2.71109888248023,0,1,0
"112",1003,"TEST",1,3,0,24,1,2.05145350513967,0,0,1
"113",1004,"TEST",1,1,0,36,1,3.45566031410212,0,1,0
"114",1005,"TEST",1,3,0,18.5,1,1.98558405620398,0,0,1
"115",1006,"TEST",1,1,0,63,0,5.40168229234028,1,0,0
"116",1007,"TEST",0,3,1,18,0,2.6709850297652,0,1,0
"117",1008,"TEST",0,3,1,22.5,1,1.86214026598985,0,1,0
"118",1009,"TEST",1,3,0,1,0,2.81540871942271,1,0,0
"119",1010,"TEST",0,1,1,36,1,4.32070559854228,0,1,0
"120",1011,"TEST",1,2,0,29,0,3.25809653802148,1,0,0
"121",1012,"TEST",1,2,0,12,1,2.75684036527164,1,0,0
"122",1013,"TEST",0,3,1,65,0,2.04769284336526,0,0,1
"123",1014,"TEST",1,1,0,35,0,4.0561233494019,0,1,0
"124",1015,"TEST",0,3,1,28,1,1.98100146886658,1,0,0
"125",1016,"TEST",0,3,1,65,1,2.04769284336526,0,0,1
"126",1017,"TEST",1,3,0,17,0,2.77881927199042,1,0,0
"127",1018,"TEST",0,3,1,22,1,2.05358512713461,1,0,0
"128",1019,"TEST",1,3,0,18,0,3.14630513203337,0,0,1
"129",1020,"TEST",0,2,1,42,1,2.56494935746154,1,0,0
"130",1021,"TEST",0,3,1,24,1,2.08567209143047,1,0,0
"131",1022,"TEST",0,3,1,32,1,2.08567209143047,1,0,0
"132",1023,"TEST",0,1,1,53,1,3.3499040872746,0,1,0
"133",1024,"TEST",1,3,0,8,0,3.23737171640403,1,0,0
"134",1025,"TEST",0,3,1,12,0,1.86214026598985,0,1,0
"135",1026,"TEST",0,3,1,43,1,2.06633097252974,1,0,0
"136",1027,"TEST",0,3,1,24,1,2.06104842056294,1,0,0
"137",1028,"TEST",0,3,1,26.5,1,1.9775472339985,0,1,0
"138",1029,"TEST",0,2,1,26,1,2.56494935746154,1,0,0
"139",1030,"TEST",1,3,0,23,1,2.08567209143047,1,0,0
"140",1031,"TEST",0,3,1,40,0,3.84801767545223,1,0,0
"141",1032,"TEST",1,3,0,10,0,3.84801767545223,1,0,0
"142",1033,"TEST",1,1,0,33,1,5.02091560350381,1,0,0
"143",1034,"TEST",0,1,1,61,0,5.5697747781408,0,1,0
"144",1035,"TEST",0,2,1,28,1,3.25809653802148,1,0,0
"145",1036,"TEST",0,1,1,42,1,3.27902974768795,1,0,0
"146",1037,"TEST",0,3,1,31,0,2.89037175789616,1,0,0
"147",1038,"TEST",0,1,1,47,1,3.94859598565899,1,0,0
"148",1039,"TEST",0,3,1,22,1,2.08567209143047,1,0,0
"149",1040,"TEST",0,1,1,42,1,3.27902974768795,1,0,0
"150",1041,"TEST",0,2,1,30,0,3.25809653802148,1,0,0
"151",1042,"TEST",1,1,0,23,0,4.42074602026042,0,1,0
"152",1043,"TEST",0,3,1,33,1,2.06633097252974,0,1,0
"153",1044,"TEST",0,3,1,60.5,1,2.6709850297652,1,0,0
"154",1045,"TEST",1,3,0,36,0,2.50006616154582,1,0,0
"155",1046,"TEST",0,3,1,13,0,3.4464097244837,1,0,0
"156",1047,"TEST",0,3,1,24,1,2.02154756326093,1,0,0
"157",1048,"TEST",1,1,0,29,1,5.40168229234028,1,0,0
"158",1049,"TEST",1,3,0,23,1,2.06104842056294,1,0,0
"159",1050,"TEST",0,1,1,42,1,3.27902974768795,1,0,0
"160",1051,"TEST",1,3,0,26,0,2.62285535503898,1,0,0
"161",1052,"TEST",1,3,0,17,1,2.04553567965004,0,0,1
"162",1053,"TEST",0,3,1,7,0,2.7243040552851,0,1,0
"163",1054,"TEST",1,2,0,26,1,2.60268968544438,1,0,0
"164",1055,"TEST",0,3,1,27,1,1.94591014905531,1,0,0
"165",1056,"TEST",0,2,1,41,1,2.56494935746154,1,0,0
"166",1057,"TEST",1,3,0,26,0,3.09217817182224,1,0,0
"167",1058,"TEST",0,1,1,48,1,3.92189016450581,0,1,0
"168",1059,"TEST",0,3,1,18,0,3.53732955598674,1,0,0
"169",1060,"TEST",1,1,0,44,1,3.32218303393412,0,1,0
"170",1061,"TEST",1,3,0,22,1,2.19304920592574,1,0,0
"171",1062,"TEST",0,3,1,32,1,2.02154756326093,1,0,0
"172",1063,"TEST",0,3,1,27,1,1.9775472339985,0,1,0
"173",1064,"TEST",0,3,1,23,0,2.63188884013665,1,0,0
"174",1065,"TEST",0,3,1,25,1,1.97812837997935,0,1,0
"175",1066,"TEST",0,3,1,40,0,3.4464097244837,1,0,0
"176",1067,"TEST",1,2,0,15,0,3.66356164612965,1,0,0
"177",1068,"TEST",1,2,0,20,1,3.60413822565885,1,0,0
"178",1069,"TEST",0,1,1,54,0,4.01533201819219,0,1,0
"179",1070,"TEST",1,2,0,36,0,3.66356164612965,1,0,0
"180",1071,"TEST",1,1,0,64,0,4.42074602026042,0,1,0
"181",1072,"TEST",0,2,1,30,1,2.56494935746154,1,0,0
"182",1073,"TEST",0,1,1,37,0,4.42074602026042,0,1,0
"183",1074,"TEST",1,1,0,18,0,3.97217692824789,1,0,0
"184",1075,"TEST",0,3,1,65,1,2.04769284336526,0,0,1
"185",1076,"TEST",1,1,0,27,0,5.51149461888159,0,1,0
"186",1077,"TEST",0,2,1,40,1,2.77258872223978,1,0,0
"187",1078,"TEST",1,2,0,21,0,3.04452243772342,1,0,0
"188",1079,"TEST",0,3,1,17,0,2.08567209143047,1,0,0
"189",1080,"TEST",1,3,0,16,0,4.24204591836945,1,0,0
"190",1081,"TEST",0,2,1,40,1,2.56494935746154,1,0,0
"191",1082,"TEST",0,2,1,34,0,3.25809653802148,1,0,0
"192",1083,"TEST",0,1,1,46,1,3.25809653802148,1,0,0
"193",1084,"TEST",0,3,1,11.5,0,2.67414864942653,1,0,0
"194",1085,"TEST",0,2,1,61,1,2.51365606307399,0,0,1
"195",1086,"TEST",0,2,1,8,0,3.48124008933569,1,0,0
"196",1087,"TEST",0,3,1,33,1,2.06104842056294,1,0,0
"197",1088,"TEST",0,1,1,6,0,4.90156419904189,0,1,0
"198",1089,"TEST",1,3,0,18,1,2.0509134580653,1,0,0
"199",1090,"TEST",0,2,1,23,1,2.35137525716348,1,0,0
"200",1091,"TEST",1,3,0,23,1,2.09340608203021,1,0,0
"201",1092,"TEST",1,3,0,18,1,2.7408400239252,0,0,1
"202",1093,"TEST",0,3,1,0.33,0,2.66722820658195,1,0,0
"203",1094,"TEST",0,1,1,47,0,5.42726012246342,0,1,0
"204",1095,"TEST",1,2,0,8,0,3.25809653802148,1,0,0
"205",1096,"TEST",0,2,1,25,1,2.35137525716348,1,0,0
"206",1097,"TEST",0,1,1,28.5,1,3.24811224505315,0,1,0
"207",1098,"TEST",1,3,0,35,1,2.04769284336526,0,0,1
"208",1099,"TEST",0,2,1,24,1,2.35137525716348,1,0,0
"209",1100,"TEST",1,1,0,33,1,3.32218303393412,0,1,0
"210",1101,"TEST",0,3,1,25,1,2.06633097252974,1,0,0
"211",1102,"TEST",0,3,1,32,1,3.1146258034944,1,0,0
"212",1103,"TEST",0,3,1,23,1,1.95302761682418,1,0,0
"213",1104,"TEST",0,2,1,17,1,4.29728540621879,1,0,0
"214",1105,"TEST",1,2,0,60,0,3.25809653802148,1,0,0
"215",1106,"TEST",1,3,0,38,0,2.0509134580653,1,0,0
"216",1107,"TEST",0,1,1,42,1,3.74950407593037,1,0,0
"217",1108,"TEST",1,3,0,19,1,2.06422637587336,0,0,1
"218",1109,"TEST",0,1,1,57,0,5.10513726860277,1,0,0
"219",1110,"TEST",1,1,0,50,0,5.35422499848633,0,1,0
"220",1111,"TEST",0,3,1,32,1,2.08567209143047,1,0,0
"221",1112,"TEST",1,2,0,30,0,2.62888433111635,0,1,0
"222",1113,"TEST",0,3,1,21,1,2.08567209143047,1,0,0
"223",1114,"TEST",1,2,0,22,1,2.35137525716348,1,0,0
"224",1115,"TEST",0,3,1,21,1,2.05358512713461,1,0,0
"225",1116,"TEST",1,1,0,53,1,3.31221315078453,0,1,0
"226",1117,"TEST",1,3,0,9,0,2.7243040552851,0,1,0
"227",1118,"TEST",0,3,1,23,1,2.05358512713461,1,0,0
"228",1119,"TEST",1,3,0,24,1,2.04769284336526,0,0,1
"229",1120,"TEST",0,3,1,40.5,1,2.71469474382088,1,0,0
"230",1121,"TEST",0,2,1,36,1,2.56494935746154,1,0,0
"231",1122,"TEST",0,2,1,14,1,4.17438726989564,1,0,0
"232",1123,"TEST",1,1,0,21,1,3.27902974768795,1,0,0
"233",1124,"TEST",0,3,1,21,0,1.87115581420807,1,0,0
"234",1125,"TEST",0,3,1,26,1,2.06422637587336,0,0,1
"235",1126,"TEST",0,1,1,39,0,4.26666207838721,0,1,0
"236",1127,"TEST",0,3,1,20,1,2.06104842056294,1,0,0
"237",1128,"TEST",0,1,1,64,0,4.32081590362899,0,1,0
"238",1129,"TEST",0,3,1,20,1,1.9775472339985,0,1,0
"239",1130,"TEST",1,2,0,18,0,2.56494935746154,1,0,0
"240",1131,"TEST",1,1,0,48,0,4.66744051171422,0,1,0
"241",1132,"TEST",1,1,0,55,1,3.32218303393412,0,1,0
"242",1133,"TEST",1,2,0,45,0,3.40119738166216,1,0,0
"243",1134,"TEST",0,1,1,45,0,4.90156419904189,0,1,0
"244",1135,"TEST",0,3,1,26,1,2.06527922786733,1,0,0
"245",1136,"TEST",0,3,1,26,0,3.15487049489229,1,0,0
"246",1137,"TEST",0,1,1,41,0,3.94859598565899,1,0,0
"247",1138,"TEST",1,2,0,22,1,3.04452243772342,1,0,0
"248",1139,"TEST",0,2,1,42,0,3.48124008933569,1,0,0
"249",1140,"TEST",1,2,0,29,0,3.25809653802148,1,0,0
"250",1141,"TEST",1,3,0,18,0,2.6709850297652,0,1,0
"251",1142,"TEST",1,2,0,0.92,0,3.32323584019244,1,0,0
"252",1143,"TEST",0,3,1,20,1,2.07002231976334,1,0,0
"253",1144,"TEST",0,1,1,27,0,4.91836794684454,0,1,0
"254",1145,"TEST",0,3,1,24,1,2.23269896552988,1,0,0
"255",1146,"TEST",0,3,1,32.5,1,2.2512917986065,1,0,0
"256",1147,"TEST",0,3,1,32,1,2.02154756326093,1,0,0
"257",1148,"TEST",0,3,1,65,1,2.04769284336526,0,0,1
"258",1149,"TEST",0,3,1,28,1,2.08567209143047,1,0,0
"259",1150,"TEST",1,2,0,19,1,2.56494935746154,1,0,0
"260",1151,"TEST",0,3,1,21,1,2.0509134580653,1,0,0
"261",1152,"TEST",0,3,1,36.5,0,2.85647020622048,1,0,0
"262",1153,"TEST",0,3,1,21,1,2.06104842056294,1,0,0
"263",1154,"TEST",1,2,0,29,0,3.13549421592915,1,0,0
"264",1155,"TEST",1,3,0,1,0,2.50006616154582,1,0,0
"265",1156,"TEST",0,2,1,30,1,2.54455039854884,0,1,0
"266",1157,"TEST",0,3,1,21,1,2.06633097252974,1,0,0
"267",1158,"TEST",0,1,1,40,1,0,1,0,0
"268",1159,"TEST",0,3,1,32,1,2.02154756326093,1,0,0
"269",1160,"TEST",1,3,0,23,1,2.08567209143047,1,0,0
"270",1161,"TEST",0,3,1,17,1,2.15900336451602,1,0,0
"271",1162,"TEST",0,1,1,46,1,4.32070559854228,0,1,0
"272",1163,"TEST",0,3,1,65,1,2.04769284336526,0,0,1
"273",1164,"TEST",1,1,0,26,0,4.91836794684454,0,1,0
"274",1165,"TEST",1,3,0,18,0,2.7408400239252,0,0,1
"275",1166,"TEST",0,3,1,22.5,1,1.9775472339985,0,1,0
"276",1167,"TEST",1,2,0,20,0,3.25809653802148,1,0,0
"277",1168,"TEST",0,2,1,28,1,2.35137525716348,1,0,0
"278",1169,"TEST",0,2,1,40,0,3.25809653802148,1,0,0
"279",1170,"TEST",0,2,1,30,0,3.04452243772342,1,0,0
"280",1171,"TEST",0,2,1,22,1,2.35137525716348,1,0,0
"281",1172,"TEST",1,3,0,23,1,2.15900336451602,1,0,0
"282",1173,"TEST",0,3,1,0.75,0,2.62285535503898,1,0,0
"283",1174,"TEST",1,3,0,24,1,2.04769284336526,0,0,1
"284",1175,"TEST",1,3,0,9,0,2.7243040552851,0,1,0
"285",1176,"TEST",1,3,0,2,0,3.00630122490323,1,0,0
"286",1177,"TEST",0,3,1,36,1,1.98100146886658,1,0,0
"287",1178,"TEST",0,3,1,36,1,1.98100146886658,1,0,0
"288",1179,"TEST",0,1,1,24,0,4.40996640854943,1,0,0
"289",1180,"TEST",0,3,1,25,1,1.97812837997935,0,1,0
"290",1181,"TEST",0,3,1,32,1,2.08567209143047,1,0,0
"291",1182,"TEST",0,1,1,47,1,3.67882911826043,1,0,0
"292",1183,"TEST",1,3,0,30,1,1.9387416595767,0,0,1
"293",1184,"TEST",0,3,1,25,1,1.97812837997935,0,1,0
"294",1185,"TEST",0,1,1,53,0,4.40498970368517,1,0,0
"295",1186,"TEST",0,3,1,36,1,2.2512917986065,1,0,0
"296",1187,"TEST",0,3,1,26,1,2.06633097252974,1,0,0
"297",1188,"TEST",1,2,0,1,0,3.72760004222554,0,1,0
"298",1189,"TEST",0,3,1,7,0,3.07635327552161,0,1,0
"299",1190,"TEST",0,1,1,30,1,3.8177123259569,1,0,0
"300",1191,"TEST",0,3,1,29,1,2.06104842056294,1,0,0
"301",1192,"TEST",0,3,1,32,1,2.0509134580653,1,0,0
"302",1193,"TEST",0,2,1,27,1,2.71109888248023,0,1,0
"303",1194,"TEST",0,2,1,43,0,3.04452243772342,1,0,0
"304",1195,"TEST",0,3,1,24,1,2.15900336451602,1,0,0
"305",1196,"TEST",1,3,0,24,1,2.04769284336526,0,0,1
"306",1197,"TEST",1,1,0,64,0,3.27902974768795,1,0,0
"307",1198,"TEST",0,1,1,30,0,5.02091560350381,1,0,0
"308",1199,"TEST",0,3,1,0.83,0,2.2353763433006,1,0,0
"309",1200,"TEST",0,1,1,55,0,4.53796143629464,1,0,0
"310",1201,"TEST",1,3,0,45,0,2.64676327667848,1,0,0
"311",1202,"TEST",0,3,1,18,1,2.15900336451602,1,0,0
"312",1203,"TEST",0,3,1,22,1,1.9775472339985,0,1,0
"313",1204,"TEST",0,3,1,32,1,2.02485335139543,1,0,0
"314",1205,"TEST",1,3,0,37,1,2.04769284336526,0,0,1
"315",1206,"TEST",1,1,0,55,1,4.90995492057888,0,1,0
"316",1207,"TEST",1,3,0,17,1,2.04553567965004,0,0,1
"317",1208,"TEST",0,1,1,57,0,4.98716739790117,0,1,0
"318",1209,"TEST",0,2,1,19,1,2.35137525716348,1,0,0
"319",1210,"TEST",0,3,1,27,1,2.06104842056294,1,0,0
"320",1211,"TEST",0,2,1,22,0,3.44998754583159,1,0,0
"321",1212,"TEST",0,3,1,26,1,2.0509134580653,1,0,0
"322",1213,"TEST",0,3,1,25,1,1.97812837997935,0,1,0
"323",1214,"TEST",0,2,1,26,1,2.56494935746154,1,0,0
"324",1215,"TEST",0,1,1,33,1,3.27902974768795,1,0,0
"325",1216,"TEST",1,1,0,39,1,5.35345638166308,1,0,0
"326",1217,"TEST",0,3,1,23,1,1.95302761682418,1,0,0
"327",1218,"TEST",1,2,0,12,0,3.66356164612965,1,0,0
"328",1219,"TEST",0,1,1,46,1,4.37197629882038,0,1,0
"329",1220,"TEST",0,2,1,29,0,3.25809653802148,1,0,0
"330",1221,"TEST",0,2,1,21,1,2.56494935746154,1,0,0
"331",1222,"TEST",1,2,0,48,0,3.60413822565885,1,0,0
"332",1223,"TEST",0,1,1,39,1,3.39114704580865,0,1,0
"333",1224,"TEST",0,3,1,22.5,1,1.9775472339985,0,1,0
"334",1225,"TEST",1,3,0,19,0,2.75631324223972,0,1,0
"335",1226,"TEST",0,3,1,27,1,2.06633097252974,1,0,0
"336",1227,"TEST",0,1,1,30,1,3.25809653802148,1,0,0
"337",1228,"TEST",0,2,1,32,1,2.56494935746154,1,0,0
"338",1229,"TEST",0,3,1,39,0,1.97812837997935,0,1,0
"339",1230,"TEST",0,2,1,25,1,3.44998754583159,1,0,0
"340",1231,"TEST",0,3,1,25,1,1.97812837997935,0,1,0
"341",1232,"TEST",0,2,1,18,1,2.35137525716348,1,0,0
"342",1233,"TEST",0,3,1,32,1,2.02540765318735,1,0,0
"343",1234,"TEST",0,3,1,14.5,0,4.24204591836945,1,0,0
"344",1235,"TEST",1,1,0,58,0,6.23896738717366,0,1,0
"345",1236,"TEST",0,3,1,11.5,0,2.67414864942653,1,0,0
"346",1237,"TEST",1,3,0,16,1,2.03470564783844,1,0,0
"347",1238,"TEST",0,2,1,26,1,2.56494935746154,1,0,0
"348",1239,"TEST",1,3,0,38,1,1.97812837997935,0,1,0
"349",1240,"TEST",0,2,1,24,1,2.60268968544438,1,0,0
"350",1241,"TEST",1,2,0,31,1,3.04452243772342,1,0,0
"351",1242,"TEST",1,1,0,45,0,4.14880591633814,0,1,0
"352",1243,"TEST",0,2,1,25,1,2.35137525716348,1,0,0
"353",1244,"TEST",0,2,1,18,1,4.29728540621879,1,0,0
"354",1245,"TEST",0,2,1,49,0,4.17438726989564,1,0,0
"355",1246,"TEST",1,3,0,0.17,0,3.02407674656313,1,0,0
"356",1247,"TEST",0,1,1,50,1,3.25809653802148,1,0,0
"357",1248,"TEST",1,1,0,59,0,3.94117784259164,1,0,0
"358",1249,"TEST",0,3,1,29,1,2.06422637587336,1,0,0
"359",1250,"TEST",0,3,1,65,1,2.04769284336526,0,0,1
"360",1251,"TEST",1,3,0,30,0,2.74406063862524,1,0,0
"361",1252,"TEST",0,3,1,14.5,0,4.24204591836945,1,0,0
"362",1253,"TEST",1,2,0,24,0,3.61103141971557,0,1,0
"363",1254,"TEST",1,2,0,31,1,3.04452243772342,1,0,0
"364",1255,"TEST",0,3,1,27,1,2.15900336451602,1,0,0
"365",1256,"TEST",1,1,0,25,0,4.01533201819219,0,1,0
"366",1257,"TEST",1,3,0,16,0,4.24204591836945,1,0,0
"367",1258,"TEST",0,3,1,26,0,2.67126864412075,0,1,0
"368",1259,"TEST",1,3,0,22,1,3.68103627665291,1,0,0
"369",1260,"TEST",1,1,0,45,0,4.0842942263686,0,1,0
"370",1261,"TEST",0,2,1,29,1,2.62888433111635,0,1,0
"371",1262,"TEST",0,2,1,21,0,2.4423470353692,1,0,0
"372",1263,"TEST",1,1,0,31,1,4.90156419904189,0,1,0
"373",1264,"TEST",0,1,1,49,1,0,1,0,0
"374",1265,"TEST",0,2,1,44,1,2.56494935746154,1,0,0
"375",1266,"TEST",1,1,0,54,0,4.40498970368517,1,0,0
"376",1267,"TEST",1,1,0,45,1,5.5697747781408,0,1,0
"377",1268,"TEST",1,3,0,22,0,2.15900336451602,1,0,0
"378",1269,"TEST",0,2,1,21,1,2.4423470353692,1,0,0
"379",1270,"TEST",0,1,1,55,1,3.91202300542815,1,0,0
"380",1271,"TEST",0,3,1,5,0,3.4464097244837,1,0,0
"381",1272,"TEST",0,3,1,65,1,2.04769284336526,0,0,1
"382",1273,"TEST",0,3,1,26,1,2.06422637587336,0,0,1
"383",1274,"TEST",1,3,0,22,1,2.67414864942653,1,0,0
"384",1275,"TEST",1,3,0,19,0,2.77881927199042,1,0,0
"385",1276,"TEST",0,2,1,30,1,2.5552874465498,1,0,0
"386",1277,"TEST",1,2,0,24,0,4.17438726989564,1,0,0
"387",1278,"TEST",0,3,1,24,1,2.0509134580653,1,0,0
"388",1279,"TEST",0,2,1,57,1,2.56494935746154,1,0,0
"389",1280,"TEST",0,3,1,21,1,2.04769284336526,0,0,1
"390",1281,"TEST",0,3,1,6,0,3.04808750388792,1,0,0
"391",1282,"TEST",0,1,1,23,1,4.53796143629464,1,0,0
"392",1283,"TEST",1,1,0,51,0,3.67376581630389,1,0,0
"393",1284,"TEST",0,3,1,13,0,3.00815479355255,1,0,0
"394",1285,"TEST",0,2,1,47,1,2.35137525716348,1,0,0
"395",1286,"TEST",0,3,1,29,0,3.09217817182224,1,0,0
"396",1287,"TEST",1,1,0,18,0,4.0943445622221,1,0,0
"397",1288,"TEST",0,3,1,24,1,1.98100146886658,0,0,1
"398",1289,"TEST",1,1,0,48,0,4.37197629882038,0,1,0
"399",1290,"TEST",0,3,1,22,1,2.0509134580653,1,0,0
"400",1291,"TEST",0,3,1,31,1,2.04553567965004,0,0,1
"401",1292,"TEST",1,1,0,30,1,5.10513726860277,1,0,0
"402",1293,"TEST",0,2,1,38,0,3.04452243772342,1,0,0
"403",1294,"TEST",1,1,0,22,0,4.0842942263686,0,1,0
"404",1295,"TEST",0,1,1,17,1,3.85227300102237,1,0,0
"405",1296,"TEST",0,1,1,43,0,3.32218303393412,0,1,0
"406",1297,"TEST",0,2,1,20,1,2.62918735267649,0,1,0
"407",1298,"TEST",0,2,1,23,0,2.35137525716348,1,0,0
"408",1299,"TEST",0,1,1,50,0,5.35422499848633,0,1,0
"409",1300,"TEST",1,3,0,17,1,2.04391798561079,0,0,1
"410",1301,"TEST",1,3,0,3,0,2.62285535503898,1,0,0
"411",1302,"TEST",1,3,0,24,1,2.04769284336526,0,0,1
"412",1303,"TEST",1,1,0,37,0,4.49980967033027,0,0,1
"413",1304,"TEST",1,3,0,28,1,2.0509134580653,1,0,0
"414",1305,"TEST",0,3,1,32,1,2.08567209143047,1,0,0
"415",1306,"TEST",1,1,0,39,1,4.69043002993891,0,1,0
"416",1307,"TEST",0,3,1,38.5,1,1.98100146886658,1,0,0
"417",1308,"TEST",0,3,1,32,1,2.08567209143047,1,0,0
"418",1309,"TEST",0,3,1,7,0,3.10719761677404,0,1,0
"419",1,"TRAIN",0,3,1,22,0,1.98100146886658,1,0,0
"420",2,"TRAIN",1,1,0,38,0,4.26666207838721,0,1,0
"421",3,"TRAIN",1,3,0,26,1,2.07002231976334,1,0,0
"422",4,"TRAIN",1,1,0,35,0,3.97217692824789,1,0,0
"423",5,"TRAIN",0,3,1,35,1,2.08567209143047,1,0,0
"424",6,"TRAIN",0,3,1,26,1,2.13514820779938,0,0,1
"425",7,"TRAIN",0,1,1,54,1,3.94859598565899,1,0,0
"426",8,"TRAIN",0,3,1,2,0,3.04808750388792,1,0,0
"427",9,"TRAIN",1,3,0,27,0,2.40994061729809,1,0,0
"428",10,"TRAIN",1,2,0,14,0,3.40355460123583,0,1,0
"429",11,"TRAIN",1,3,0,4,0,2.81540871942271,1,0,0
"430",12,"TRAIN",1,1,0,58,1,3.27902974768795,1,0,0
"431",13,"TRAIN",0,3,1,20,1,2.08567209143047,1,0,0
"432",14,"TRAIN",0,3,1,39,0,3.44281905635297,1,0,0
"433",15,"TRAIN",0,3,0,14,1,2.06104842056294,1,0,0
"434",16,"TRAIN",1,2,0,55,1,2.77258872223978,1,0,0
"435",17,"TRAIN",0,3,1,2,0,3.37159691188586,0,0,1
"436",18,"TRAIN",1,2,1,30,1,2.56494935746154,1,0,0
"437",19,"TRAIN",0,3,0,31,0,2.89037175789616,1,0,0
"438",20,"TRAIN",1,3,0,18,1,1.9775472339985,0,1,0
"439",21,"TRAIN",0,2,1,35,1,3.25809653802148,1,0,0
"440",22,"TRAIN",1,2,1,34,1,2.56494935746154,1,0,0
"441",23,"TRAIN",1,3,0,15,1,2.08308489659463,0,0,1
"442",24,"TRAIN",1,1,1,28,1,3.56953269648137,1,0,0
"443",25,"TRAIN",0,3,0,8,0,3.04808750388792,1,0,0
"444",26,"TRAIN",1,3,0,38,0,3.4464097244837,1,0,0
"445",27,"TRAIN",0,3,1,22.5,1,1.9775472339985,0,1,0
"446",28,"TRAIN",0,1,1,19,0,5.57215403217776,1,0,0
"447",29,"TRAIN",1,3,0,19,1,2.06422637587336,0,0,1
"448",30,"TRAIN",0,3,1,21,1,2.06633097252974,1,0,0
"449",31,"TRAIN",0,1,1,40,1,3.32218303393412,0,1,0
"450",32,"TRAIN",1,1,0,31,0,4.98716739790117,0,1,0
"451",33,"TRAIN",1,3,0,24,1,2.04769284336526,0,0,1
"452",34,"TRAIN",0,2,1,66,1,2.35137525716348,1,0,0
"453",35,"TRAIN",0,1,1,28,0,4.40880000780905,0,1,0
"454",36,"TRAIN",0,1,1,42,0,3.95124371858143,1,0,0
"455",37,"TRAIN",1,3,1,25,1,1.97812837997935,0,1,0
"456",38,"TRAIN",0,3,1,21,1,2.08567209143047,1,0,0
"457",39,"TRAIN",0,3,0,18,0,2.89037175789616,1,0,0
"458",40,"TRAIN",1,3,0,14,0,2.41963007858069,0,1,0
"459",41,"TRAIN",0,3,0,40,0,2.24865675096849,1,0,0
"460",42,"TRAIN",0,2,0,27,0,3.04452243772342,1,0,0
"461",43,"TRAIN",0,3,1,33,1,2.06633097252974,0,1,0
"462",44,"TRAIN",1,2,0,3,0,3.72760004222554,0,1,0
"463",45,"TRAIN",1,3,0,19,1,2.06422637587336,0,0,1
"464",46,"TRAIN",0,3,1,32,1,2.08567209143047,1,0,0
"465",47,"TRAIN",0,3,1,34.5,0,2.7408400239252,0,0,1
"466",48,"TRAIN",1,3,0,24,1,2.04769284336526,0,0,1
"467",49,"TRAIN",0,3,1,7,0,3.07635327552161,0,1,0
"468",50,"TRAIN",0,3,0,18,0,2.87919845729804,1,0,0
"469",51,"TRAIN",0,3,1,7,0,3.68103627665291,1,0,0
"470",52,"TRAIN",0,3,1,21,1,2.05412373369555,1,0,0
"471",53,"TRAIN",1,1,0,49,0,4.34028233996554,0,1,0
"472",54,"TRAIN",1,2,0,29,0,3.25809653802148,1,0,0
"473",55,"TRAIN",0,1,1,65,0,4.12679884488682,0,1,0
"474",56,"TRAIN",1,1,1,45,1,3.56953269648137,1,0,0
"475",57,"TRAIN",1,2,0,21,1,2.35137525716348,1,0,0
"476",58,"TRAIN",0,3,1,28.5,1,1.97812837997935,0,1,0
"477",59,"TRAIN",1,2,0,5,0,3.32323584019244,1,0,0
"478",60,"TRAIN",0,3,1,11,0,3.84801767545223,1,0,0
"479",61,"TRAIN",0,3,1,22,1,1.97812837997935,0,1,0
"480",62,"TRAIN",1,1,0,38,1,4.38202663467388,1,0,0
"481",63,"TRAIN",0,1,1,45,0,4.42454718582972,1,0,0
"482",64,"TRAIN",0,3,1,4,0,3.32862668882732,1,0,0
"483",65,"TRAIN",0,1,1,30,1,3.32218303393412,0,1,0
"484",66,"TRAIN",1,3,1,7,0,2.7243040552851,0,1,0
"485",67,"TRAIN",1,2,0,29,1,2.35137525716348,1,0,0
"486",68,"TRAIN",0,3,1,19,1,2.09903581393828,1,0,0
"487",69,"TRAIN",1,3,0,17,0,2.07002231976334,1,0,0
"488",70,"TRAIN",0,3,1,26,0,2.15900336451602,1,0,0
"489",71,"TRAIN",0,2,1,32,1,2.35137525716348,1,0,0
"490",72,"TRAIN",0,3,0,16,0,3.84801767545223,1,0,0
"491",73,"TRAIN",0,2,1,21,1,4.29728540621879,1,0,0
"492",74,"TRAIN",0,3,1,26,0,2.6709850297652,0,1,0
"493",75,"TRAIN",1,3,1,32,1,4.03416629910613,1,0,0
"494",76,"TRAIN",0,3,1,25,1,2.03470564783844,1,0,0
"495",77,"TRAIN",0,3,1,21,1,2.06633097252974,1,0,0
"496",78,"TRAIN",0,3,1,32,1,2.08567209143047,1,0,0
"497",79,"TRAIN",1,2,1,0.83,0,3.36729582998647,1,0,0
"498",80,"TRAIN",1,3,0,30,1,2.52372664163758,1,0,0
"499",81,"TRAIN",0,3,1,22,1,2.19722457733622,1,0,0
"500",82,"TRAIN",1,3,1,29,1,2.2512917986065,1,0,0
"501",83,"TRAIN",1,3,0,24,1,2.05251988411357,0,0,1
"502",84,"TRAIN",0,1,1,28,1,3.85227300102237,1,0,0
"503",85,"TRAIN",1,2,0,17,1,2.35137525716348,1,0,0
"504",86,"TRAIN",1,3,0,33,0,2.76316950032329,1,0,0
"505",87,"TRAIN",0,3,1,16,0,3.53732955598674,1,0,0
"506",88,"TRAIN",0,3,1,32,1,2.08567209143047,1,0,0
"507",89,"TRAIN",1,1,0,23,0,5.57215403217776,1,0,0
"508",90,"TRAIN",0,3,1,24,1,2.08567209143047,1,0,0
"509",91,"TRAIN",0,3,1,29,1,2.08567209143047,1,0,0
"510",92,"TRAIN",0,3,1,20,1,2.06104842056294,1,0,0
"511",93,"TRAIN",0,1,1,46,0,4.11373860932874,1,0,0
"512",94,"TRAIN",0,3,1,26,0,3.02407674656313,1,0,0
"513",95,"TRAIN",0,3,1,59,1,1.98100146886658,1,0,0
"514",96,"TRAIN",0,3,1,32,1,2.08567209143047,1,0,0
"515",97,"TRAIN",0,1,1,70.5,1,3.54541893041153,0,1,0
"516",98,"TRAIN",1,1,1,23,0,4.14880591633814,0,1,0
"517",99,"TRAIN",1,2,0,34,0,3.13549421592915,1,0,0
"518",100,"TRAIN",0,2,1,34,0,3.25809653802148,1,0,0
"519",101,"TRAIN",0,3,0,28,1,2.06633097252974,1,0,0
"520",102,"TRAIN",0,3,1,21,1,2.06633097252974,1,0,0
"521",103,"TRAIN",0,1,1,21,0,4.34753223488469,1,0,0
"522",104,"TRAIN",0,3,1,33,1,2.1580447522359,1,0,0
"523",105,"TRAIN",0,3,1,37,0,2.07002231976334,1,0,0
"524",106,"TRAIN",0,3,1,28,1,2.06633097252974,1,0,0
"525",107,"TRAIN",1,3,0,21,1,2.03470564783844,1,0,0
"526",108,"TRAIN",1,3,1,26,1,2.0509134580653,1,0,0
"527",109,"TRAIN",0,3,1,38,1,2.06633097252974,1,0,0
"528",110,"TRAIN",1,3,0,18,0,3.18428438009858,0,0,1
"529",111,"TRAIN",0,1,1,47,1,3.95124371858143,1,0,0
"530",112,"TRAIN",0,3,0,14.5,0,2.6709850297652,0,1,0
"531",113,"TRAIN",0,3,1,22,1,2.08567209143047,1,0,0
"532",114,"TRAIN",0,3,0,20,0,2.28493015775532,1,0,0
"533",115,"TRAIN",0,3,0,17,1,2.67126864412075,0,1,0
"534",116,"TRAIN",0,3,1,21,1,2.07002231976334,1,0,0
"535",117,"TRAIN",0,3,1,70.5,1,2.04769284336526,0,0,1
"536",118,"TRAIN",0,2,1,29,0,3.04452243772342,1,0,0
"537",119,"TRAIN",0,1,1,24,0,5.51149461888159,0,1,0
"538",120,"TRAIN",0,3,0,2,0,3.44281905635297,1,0,0
"539",121,"TRAIN",0,2,1,21,0,4.29728540621879,1,0,0
"540",122,"TRAIN",0,3,1,32,1,2.08567209143047,1,0,0
"541",123,"TRAIN",0,2,1,32.5,0,3.40355460123583,0,1,0
"542",124,"TRAIN",1,2,0,32.5,1,2.56494935746154,1,0,0
"543",125,"TRAIN",0,1,1,54,0,4.34753223488469,1,0,0
"544",126,"TRAIN",1,3,1,12,0,2.41963007858069,0,1,0
"545",127,"TRAIN",0,3,1,65,1,2.04769284336526,0,0,1
"546",128,"TRAIN",1,3,1,24,1,1.96595084324942,1,0,0
"547",129,"TRAIN",1,3,0,9,0,3.10719761677404,0,1,0
"548",130,"TRAIN",0,3,1,45,1,1.94233232770743,1,0,0
"549",131,"TRAIN",0,3,1,33,1,2.06633097252974,0,1,0
"550",132,"TRAIN",0,3,1,20,1,1.95302761682418,1,0,0
"551",133,"TRAIN",0,3,0,47,0,2.67414864942653,1,0,0
"552",134,"TRAIN",1,2,0,29,0,3.25809653802148,1,0,0
"553",135,"TRAIN",0,2,1,25,1,2.56494935746154,1,0,0
"554",136,"TRAIN",0,2,1,23,1,2.71109888248023,0,1,0
"555",137,"TRAIN",1,1,0,19,0,3.26893375650932,1,0,0
"556",138,"TRAIN",0,1,1,37,0,3.97217692824789,1,0,0
"557",139,"TRAIN",0,3,1,16,1,2.22101705593022,1,0,0
"558",140,"TRAIN",0,1,1,24,1,4.37197629882038,0,1,0
"559",141,"TRAIN",0,3,0,9,0,2.7243040552851,0,1,0
"560",142,"TRAIN",1,3,0,22,1,2.04769284336526,1,0,0
"561",143,"TRAIN",1,3,0,24,0,2.76316950032329,1,0,0
"562",144,"TRAIN",0,3,1,19,1,1.90954250488444,0,0,1
"563",145,"TRAIN",0,2,1,18,1,2.4423470353692,1,0,0
"564",146,"TRAIN",0,2,1,19,0,3.60413822565885,1,0,0
"565",147,"TRAIN",1,3,1,27,1,2.05358512713461,1,0,0
"566",148,"TRAIN",0,3,0,9,0,3.53732955598674,1,0,0
"567",149,"TRAIN",0,2,1,36.5,0,3.25809653802148,1,0,0
"568",150,"TRAIN",0,2,1,42,1,2.56494935746154,1,0,0
"569",151,"TRAIN",0,2,1,51,1,2.52772664697093,1,0,0
"570",152,"TRAIN",1,1,0,22,0,4.19870457754634,1,0,0
"571",153,"TRAIN",0,3,1,55.5,1,2.08567209143047,1,0,0
"572",154,"TRAIN",0,3,1,40.5,0,2.67414864942653,1,0,0
"573",155,"TRAIN",0,3,1,36,1,1.98958521255797,1,0,0
"574",156,"TRAIN",0,1,1,51,0,4.11707101554523,0,1,0
"575",157,"TRAIN",1,3,0,16,1,2.04553567965004,0,0,1
"576",158,"TRAIN",0,3,1,30,1,2.08567209143047,1,0,0
"577",159,"TRAIN",0,3,1,24,1,2.15900336451602,1,0,0
"578",160,"TRAIN",0,3,1,14.5,0,4.24204591836945,1,0,0
"579",161,"TRAIN",0,3,1,44,0,2.77881927199042,1,0,0
"580",162,"TRAIN",1,2,0,40,1,2.75684036527164,1,0,0
"581",163,"TRAIN",0,3,1,26,1,2.0509134580653,1,0,0
"582",164,"TRAIN",0,3,1,17,1,2.15900336451602,1,0,0
"583",165,"TRAIN",0,3,1,1,0,3.68103627665291,1,0,0
"584",166,"TRAIN",1,3,1,9,0,3.02164365533849,1,0,0
"585",167,"TRAIN",1,1,0,22,0,4.00733318523247,1,0,0
"586",168,"TRAIN",0,3,0,45,0,3.32862668882732,1,0,0
"587",169,"TRAIN",0,1,1,46,1,3.25520775411559,1,0,0
"588",170,"TRAIN",0,3,1,28,1,4.03416629910613,1,0,0
"589",171,"TRAIN",0,1,1,61,1,3.51154543883102,1,0,0
"590",172,"TRAIN",0,3,1,4,0,3.37159691188586,0,0,1
"591",173,"TRAIN",1,3,0,1,0,2.40994061729809,1,0,0
"592",174,"TRAIN",0,3,1,21,1,2.07002231976334,1,0,0
"593",175,"TRAIN",0,1,1,56,1,3.42412583741652,0,1,0
"594",176,"TRAIN",0,3,1,18,0,2.06104842056294,1,0,0
"595",177,"TRAIN",0,3,1,6,0,3.23737171640403,1,0,0
"596",178,"TRAIN",0,1,0,50,1,3.35733256801522,0,1,0
"597",179,"TRAIN",0,2,1,30,1,2.56494935746154,1,0,0
"598",180,"TRAIN",0,3,1,36,1,0,1,0,0
"599",181,"TRAIN",0,3,0,16,0,4.24204591836945,1,0,0
"600",182,"TRAIN",0,2,1,27,1,2.71137799119488,0,1,0
"601",183,"TRAIN",0,3,1,9,0,3.4464097244837,1,0,0
"602",184,"TRAIN",1,2,1,1,0,3.66356164612965,1,0,0
"603",185,"TRAIN",1,3,0,4,0,3.09217817182224,1,0,0
"604",186,"TRAIN",0,1,1,54,1,3.91202300542815,1,0,0
"605",187,"TRAIN",1,3,0,18,0,2.7408400239252,0,0,1
"606",188,"TRAIN",1,1,1,45,1,3.27902974768795,1,0,0
"607",189,"TRAIN",0,3,1,40,0,2.7408400239252,0,0,1
"608",190,"TRAIN",0,3,1,36,1,2.06633097252974,1,0,0
"609",191,"TRAIN",1,2,0,32,1,2.56494935746154,1,0,0
"610",192,"TRAIN",0,2,1,19,1,2.56494935746154,1,0,0
"611",193,"TRAIN",1,3,0,19,0,2.06104842056294,1,0,0
"612",194,"TRAIN",1,2,1,3,0,3.25809653802148,1,0,0
"613",195,"TRAIN",1,1,0,44,1,3.32218303393412,0,1,0
"614",196,"TRAIN",1,1,0,58,1,4.98716739790117,0,1,0
"615",197,"TRAIN",0,3,1,65,1,2.04769284336526,0,0,1
"616",198,"TRAIN",0,3,1,42,0,2.12873158089092,1,0,0
"617",199,"TRAIN",1,3,0,24,1,2.04769284336526,0,0,1
"618",200,"TRAIN",0,2,0,24,1,2.56494935746154,1,0,0
"619",201,"TRAIN",0,3,1,28,1,2.2512917986065,1,0,0
"620",202,"TRAIN",0,3,1,14.5,0,4.24204591836945,1,0,0
"621",203,"TRAIN",0,3,1,34,1,1.87115581420807,1,0,0
"622",204,"TRAIN",0,3,1,45.5,1,1.9775472339985,0,1,0
"623",205,"TRAIN",1,3,1,18,1,2.08567209143047,1,0,0
"624",206,"TRAIN",0,3,0,2,0,2.34779743581559,1,0,0
"625",207,"TRAIN",0,3,1,32,0,2.76316950032329,1,0,0
"626",208,"TRAIN",1,3,1,26,1,2.93319175507909,0,1,0
"627",209,"TRAIN",1,3,0,16,1,2.04769284336526,0,0,1
"628",210,"TRAIN",1,1,1,40,1,3.43398720448515,0,1,0
"629",211,"TRAIN",0,3,1,24,1,1.95302761682418,1,0,0
"630",212,"TRAIN",1,2,0,35,1,3.04452243772342,1,0,0
"631",213,"TRAIN",0,3,1,22,1,1.98100146886658,1,0,0
"632",214,"TRAIN",0,2,1,30,1,2.56494935746154,1,0,0
"633",215,"TRAIN",0,3,1,65,0,2.04769284336526,0,0,1
"634",216,"TRAIN",1,1,0,31,0,4.7298184905532,0,1,0
"635",217,"TRAIN",1,3,0,27,1,2.07002231976334,1,0,0
"636",218,"TRAIN",0,2,1,42,0,3.29583686600433,1,0,0
"637",219,"TRAIN",1,1,0,32,1,4.33456415124619,0,1,0
"638",220,"TRAIN",0,2,1,30,1,2.35137525716348,1,0,0
"639",221,"TRAIN",1,3,1,16,1,2.08567209143047,1,0,0
"640",222,"TRAIN",0,2,1,27,1,2.56494935746154,1,0,0
"641",223,"TRAIN",0,3,1,51,1,2.08567209143047,1,0,0
"642",224,"TRAIN",0,3,1,21,1,2.06633097252974,1,0,0
"643",225,"TRAIN",1,1,1,38,0,4.49980967033027,1,0,0
"644",226,"TRAIN",0,3,1,22,1,2.2353763433006,1,0,0
"645",227,"TRAIN",1,2,1,19,1,2.35137525716348,1,0,0
"646",228,"TRAIN",0,3,1,20.5,1,1.98100146886658,1,0,0
"647",229,"TRAIN",0,2,1,18,1,2.56494935746154,1,0,0
"648",230,"TRAIN",0,3,0,8,0,3.23737171640403,1,0,0
"649",231,"TRAIN",1,1,0,35,0,4.42454718582972,1,0,0
"650",232,"TRAIN",0,3,1,29,1,2.0509134580653,1,0,0
"651",233,"TRAIN",0,2,1,59,1,2.60268968544438,1,0,0
"652",234,"TRAIN",1,3,0,5,0,3.4464097244837,1,0,0
"653",235,"TRAIN",0,2,1,24,1,2.35137525716348,1,0,0
"654",236,"TRAIN",0,3,0,18,1,2.02154756326093,1,0,0
"655",237,"TRAIN",0,2,1,44,0,3.25809653802148,1,0,0
"656",238,"TRAIN",1,2,0,8,0,3.26766598903763,1,0,0
"657",239,"TRAIN",0,2,1,19,1,2.35137525716348,1,0,0
"658",240,"TRAIN",0,2,1,33,1,2.50756467368058,1,0,0
"659",241,"TRAIN",0,3,0,18,0,2.6709850297652,0,1,0
"660",242,"TRAIN",1,3,0,18,0,2.7408400239252,0,0,1
"661",243,"TRAIN",0,2,1,29,1,2.35137525716348,1,0,0
"662",244,"TRAIN",0,3,1,22,1,1.96360972615471,1,0,0
"663",245,"TRAIN",0,3,1,30,1,1.9775472339985,0,1,0
"664",246,"TRAIN",0,1,1,44,0,4.49980967033027,0,0,1
"665",247,"TRAIN",0,3,0,25,1,2.0509134580653,1,0,0
"666",248,"TRAIN",1,2,0,24,0,2.67414864942653,1,0,0
"667",249,"TRAIN",1,1,1,37,0,3.96184501801123,1,0,0
"668",250,"TRAIN",0,2,1,54,0,3.25809653802148,1,0,0
"669",251,"TRAIN",0,3,1,36,1,1.98100146886658,1,0,0
"670",252,"TRAIN",0,3,0,29,0,2.34779743581559,1,0,0
"671",253,"TRAIN",0,1,1,62,1,3.27902974768795,1,0,0
"672",254,"TRAIN",0,3,1,30,0,2.77881927199042,1,0,0
"673",255,"TRAIN",0,3,0,41,0,3.00630122490323,1,0,0
"674",256,"TRAIN",1,3,0,29,0,2.7243040552851,0,1,0
"675",257,"TRAIN",1,1,0,32,1,4.37197629882038,0,1,0
"676",258,"TRAIN",1,1,0,30,1,4.46014441393783,1,0,0
"677",259,"TRAIN",1,1,0,35,1,6.23896738717366,0,1,0
"678",260,"TRAIN",1,2,0,50,0,3.25809653802148,1,0,0
"679",261,"TRAIN",0,3,1,65,1,2.04769284336526,0,0,1
"680",262,"TRAIN",1,3,1,3,0,3.4464097244837,1,0,0
"681",263,"TRAIN",0,1,1,52,0,4.37764203635606,1,0,0
"682",264,"TRAIN",0,1,1,40,1,0,1,0,0
"683",265,"TRAIN",0,3,0,24,1,2.04769284336526,0,0,1
"684",266,"TRAIN",0,2,1,36,1,2.35137525716348,1,0,0
"685",267,"TRAIN",0,3,1,16,0,3.68103627665291,1,0,0
"686",268,"TRAIN",1,3,1,25,0,2.0509134580653,1,0,0
"687",269,"TRAIN",1,1,0,58,0,5.03345623750696,1,0,0
"688",270,"TRAIN",1,1,0,35,1,4.90995492057888,1,0,0
"689",271,"TRAIN",0,1,1,52,1,3.43398720448515,1,0,0
"690",272,"TRAIN",1,3,1,25,1,0,1,0,0
"691",273,"TRAIN",1,2,0,41,0,2.9704144655697,1,0,0
"692",274,"TRAIN",0,1,1,37,0,3.39114704580865,0,1,0
"693",275,"TRAIN",1,3,0,24,1,2.04769284336526,0,0,1
"694",276,"TRAIN",1,1,0,63,0,4.35617406834722,1,0,0
"695",277,"TRAIN",0,3,0,45,1,2.04769284336526,1,0,0
"696",278,"TRAIN",0,2,1,24,1,0,1,0,0
"697",279,"TRAIN",0,3,1,7,0,3.37159691188586,0,0,1
"698",280,"TRAIN",1,3,0,35,0,3.00815479355255,1,0,0
"699",281,"TRAIN",0,3,1,65,1,2.04769284336526,0,0,1
"700",282,"TRAIN",0,3,1,28,1,2.06104842056294,1,0,0
"701",283,"TRAIN",0,3,1,16,1,2.2512917986065,1,0,0
"702",284,"TRAIN",1,3,1,19,1,2.08567209143047,1,0,0
"703",285,"TRAIN",0,1,1,46,1,3.25809653802148,1,0,0
"704",286,"TRAIN",0,3,1,33,1,2.15900336451602,0,1,0
"705",287,"TRAIN",1,3,1,30,1,2.2512917986065,1,0,0
"706",288,"TRAIN",0,3,1,22,1,2.06633097252974,1,0,0
"707",289,"TRAIN",1,2,1,42,1,2.56494935746154,1,0,0
"708",290,"TRAIN",1,3,0,22,1,2.04769284336526,0,0,1
"709",291,"TRAIN",1,1,0,26,1,4.36754731340905,1,0,0
"710",292,"TRAIN",1,1,0,19,0,4.51172945766992,0,1,0
"711",293,"TRAIN",0,2,1,36,1,2.5552874465498,0,1,0
"712",294,"TRAIN",0,3,0,24,1,2.18041745901984,1,0,0
"713",295,"TRAIN",0,3,1,24,1,2.06633097252974,1,0,0
"714",296,"TRAIN",0,1,1,30,1,3.32218303393412,0,1,0
"715",297,"TRAIN",0,3,1,23.5,1,1.97812837997935,0,1,0
"716",298,"TRAIN",0,1,0,2,0,5.02091560350381,1,0,0
"717",299,"TRAIN",1,1,1,52,1,3.41772668361337,1,0,0
"718",300,"TRAIN",1,1,0,50,0,5.51149461888159,0,1,0
"719",301,"TRAIN",1,3,0,24,1,2.04769284336526,0,0,1
"720",302,"TRAIN",1,3,1,34.5,0,3.14630513203337,0,0,1
"721",303,"TRAIN",0,3,1,19,1,0,1,0,0
"722",304,"TRAIN",1,2,0,18,1,2.51365606307399,0,0,1
"723",305,"TRAIN",0,3,1,32,1,2.08567209143047,1,0,0
"724",306,"TRAIN",1,1,1,0.92,0,5.02091560350381,1,0,0
"725",307,"TRAIN",1,1,0,31,1,4.70847829690348,0,1,0
"726",308,"TRAIN",1,1,0,17,0,4.69043002993891,0,1,0
"727",309,"TRAIN",0,2,1,30,0,3.17805383034795,0,1,0
"728",310,"TRAIN",1,1,0,30,1,4.04180839051927,0,1,0
"729",311,"TRAIN",1,1,0,24,1,4.42074602026042,0,1,0
"730",312,"TRAIN",1,1,0,18,0,5.5697747781408,0,1,0
"731",313,"TRAIN",0,2,0,26,0,3.25809653802148,1,0,0
"732",314,"TRAIN",0,3,1,28,1,2.06633097252974,1,0,0
"733",315,"TRAIN",0,2,1,43,0,3.26766598903763,1,0,0
"734",316,"TRAIN",1,3,0,26,1,2.06104842056294,1,0,0
"735",317,"TRAIN",1,2,0,24,0,3.25809653802148,1,0,0
"736",318,"TRAIN",0,2,1,54,1,2.63905732961526,1,0,0
"737",319,"TRAIN",1,1,0,31,0,5.10513726860277,1,0,0
"738",320,"TRAIN",1,1,0,40,0,4.90156419904189,0,1,0
"739",321,"TRAIN",0,3,1,22,1,1.98100146886658,1,0,0
"740",322,"TRAIN",0,3,1,27,1,2.06633097252974,1,0,0
"741",323,"TRAIN",1,2,0,30,1,2.51365606307399,0,0,1
"742",324,"TRAIN",1,2,0,22,0,3.36729582998647,1,0,0
"743",325,"TRAIN",0,3,1,14.5,0,4.24204591836945,1,0,0
"744",326,"TRAIN",1,1,0,36,1,4.90995492057888,0,1,0
"745",327,"TRAIN",0,3,1,61,1,1.83057946107764,1,0,0
"746",328,"TRAIN",1,2,0,36,1,2.56494935746154,1,0,0
"747",329,"TRAIN",1,3,0,31,0,3.02164365533849,1,0,0
"748",330,"TRAIN",1,1,0,16,0,4.06008432553699,0,1,0
"749",331,"TRAIN",1,3,0,18,0,3.14630513203337,0,0,1
"750",332,"TRAIN",0,1,1,45.5,1,3.3499040872746,1,0,0
"751",333,"TRAIN",0,1,1,38,0,5.03345623750696,1,0,0
"752",334,"TRAIN",0,3,1,16,0,2.89037175789616,1,0,0
"753",335,"TRAIN",1,1,0,35,0,4.89522444258493,1,0,0
"754",336,"TRAIN",0,3,1,21,1,2.06633097252974,1,0,0
"755",337,"TRAIN",0,1,1,29,0,4.19870457754634,1,0,0
"756",338,"TRAIN",1,1,0,41,1,4.90156419904189,0,1,0
"757",339,"TRAIN",1,3,1,45,1,2.08567209143047,1,0,0
"758",340,"TRAIN",0,1,1,45,1,3.56953269648137,1,0,0
"759",341,"TRAIN",1,2,1,2,0,3.25809653802148,1,0,0
"760",342,"TRAIN",1,1,0,24,0,5.57215403217776,1,0,0
"761",343,"TRAIN",0,2,1,28,1,2.56494935746154,1,0,0
"762",344,"TRAIN",0,2,1,25,1,2.56494935746154,1,0,0
"763",345,"TRAIN",0,2,1,36,1,2.56494935746154,1,0,0
"764",346,"TRAIN",1,2,0,24,1,2.56494935746154,1,0,0
"765",347,"TRAIN",1,2,0,40,1,2.56494935746154,1,0,0
"766",348,"TRAIN",1,3,0,19,0,2.77881927199042,1,0,0
"767",349,"TRAIN",1,3,1,3,0,2.76631910922619,1,0,0
"768",350,"TRAIN",0,3,1,42,1,2.15900336451602,1,0,0
"769",351,"TRAIN",0,3,1,23,1,2.22191718992659,1,0,0
"770",352,"TRAIN",0,1,1,45,1,3.55534806148941,1,0,0
"771",353,"TRAIN",0,3,1,15,0,1.97812837997935,0,1,0
"772",354,"TRAIN",0,3,1,25,0,2.87919845729804,1,0,0
"773",355,"TRAIN",0,3,1,22.5,1,1.9775472339985,0,1,0
"774",356,"TRAIN",0,3,1,28,1,2.2512917986065,1,0,0
"775",357,"TRAIN",1,1,0,22,0,4.00733318523247,1,0,0
"776",358,"TRAIN",0,2,0,38,1,2.56494935746154,1,0,0
"777",359,"TRAIN",1,3,0,19,1,2.06422637587336,0,0,1
"778",360,"TRAIN",1,3,0,19,1,2.06422637587336,0,0,1
"779",361,"TRAIN",0,3,1,40,0,3.32862668882732,1,0,0
"780",362,"TRAIN",0,2,1,29,0,3.32218303393412,0,1,0
"781",363,"TRAIN",0,3,0,45,0,2.6709850297652,0,1,0
"782",364,"TRAIN",0,3,1,35,1,1.95302761682418,1,0,0
"783",365,"TRAIN",0,3,1,34.5,0,2.7408400239252,0,0,1
"784",366,"TRAIN",0,3,1,30,1,1.98100146886658,1,0,0
"785",367,"TRAIN",1,1,0,60,0,4.32081590362899,0,1,0
"786",368,"TRAIN",1,3,0,18,1,1.97812837997935,0,1,0
"787",369,"TRAIN",1,3,0,24,1,2.04769284336526,0,0,1
"788",370,"TRAIN",1,1,0,24,1,4.23844490619586,0,1,0
"789",371,"TRAIN",1,1,1,25,0,4.01533201819219,0,1,0
"790",372,"TRAIN",0,3,1,18,0,1.87115581420807,1,0,0
"791",373,"TRAIN",0,3,1,19,1,2.08567209143047,1,0,0
"792",374,"TRAIN",0,1,1,22,1,4.90995492057888,0,1,0
"793",375,"TRAIN",0,3,0,3,0,3.04808750388792,1,0,0
"794",376,"TRAIN",1,1,0,54,0,4.40880000780905,0,1,0
"795",377,"TRAIN",1,3,0,22,1,1.98100146886658,1,0,0
"796",378,"TRAIN",0,1,1,27,0,5.35422499848633,0,1,0
"797",379,"TRAIN",0,3,1,20,1,1.38941448845613,0,1,0
"798",380,"TRAIN",0,3,1,19,1,2.0509134580653,1,0,0
"799",381,"TRAIN",1,1,0,42,1,5.42726012246342,0,1,0
"800",382,"TRAIN",1,3,0,1,0,2.75631324223972,0,1,0
"801",383,"TRAIN",0,3,1,32,1,2.07002231976334,1,0,0
"802",384,"TRAIN",1,1,0,35,0,3.95124371858143,1,0,0
"803",385,"TRAIN",0,3,1,21,1,2.06633097252974,1,0,0
"804",386,"TRAIN",0,2,1,18,1,4.29728540621879,1,0,0
"805",387,"TRAIN",0,3,1,1,0,3.84801767545223,1,0,0
"806",388,"TRAIN",1,2,0,36,1,2.56494935746154,1,0,0
"807",389,"TRAIN",0,3,1,25,1,2.04500536435871,0,0,1
"808",390,"TRAIN",1,2,0,17,1,2.484906649788,0,1,0
"809",391,"TRAIN",1,1,1,36,0,4.78749174278205,1,0,0
"810",392,"TRAIN",1,3,1,21,1,2.05358512713461,1,0,0
"811",393,"TRAIN",0,3,1,28,0,2.07002231976334,1,0,0
"812",394,"TRAIN",1,1,0,23,0,4.7298184905532,0,1,0
"813",395,"TRAIN",1,3,0,24,0,2.81540871942271,1,0,0
"814",396,"TRAIN",0,3,1,22,1,2.05358512713461,1,0,0
"815",397,"TRAIN",0,3,0,31,1,2.06104842056294,1,0,0
"816",398,"TRAIN",0,2,1,46,1,3.25809653802148,1,0,0
"817",399,"TRAIN",0,2,1,23,1,2.35137525716348,1,0,0
"818",400,"TRAIN",1,2,0,28,1,2.53765721517353,1,0,0
"819",401,"TRAIN",1,3,1,39,1,2.07002231976334,1,0,0
"820",402,"TRAIN",0,3,1,26,1,2.08567209143047,1,0,0
"821",403,"TRAIN",0,3,0,21,0,2.28493015775532,1,0,0
"822",404,"TRAIN",0,3,1,28,0,2.76316950032329,1,0,0
"823",405,"TRAIN",0,3,0,20,1,2.15900336451602,1,0,0
"824",406,"TRAIN",0,2,1,34,0,3.04452243772342,1,0,0
"825",407,"TRAIN",0,3,1,51,1,2.04769284336526,1,0,0
"826",408,"TRAIN",1,2,1,3,0,2.93119375241642,1,0,0
"827",409,"TRAIN",0,3,1,21,1,2.0509134580653,1,0,0
"828",410,"TRAIN",0,3,0,8,0,3.23737171640403,1,0,0
"829",411,"TRAIN",0,3,1,21,1,2.06633097252974,1,0,0
"830",412,"TRAIN",0,3,1,24,1,1.9254595976159,0,0,1
"831",413,"TRAIN",1,1,0,33,0,4.49980967033027,0,0,1
"832",414,"TRAIN",0,2,1,24,1,0,1,0,0
"833",415,"TRAIN",1,3,1,44,1,2.07002231976334,1,0,0
"834",416,"TRAIN",0,3,0,23,1,2.08567209143047,1,0,0
"835",417,"TRAIN",1,2,0,34,0,3.48124008933569,1,0,0
"836",418,"TRAIN",1,2,0,18,0,2.56494935746154,1,0,0
"837",419,"TRAIN",0,2,1,30,1,2.56494935746154,1,0,0
"838",420,"TRAIN",0,3,0,10,0,3.18428438009858,1,0,0
"839",421,"TRAIN",0,3,1,33,1,2.06633097252974,0,1,0
"840",422,"TRAIN",0,3,1,21,1,2.04553567965004,0,0,1
"841",423,"TRAIN",0,3,1,29,1,2.0636931847117,1,0,0
"842",424,"TRAIN",0,3,0,28,0,2.66722820658195,1,0,0
"843",425,"TRAIN",0,3,1,18,0,3.00630122490323,1,0,0
"844",426,"TRAIN",0,3,1,36,1,1.98100146886658,1,0,0
"845",427,"TRAIN",1,2,0,28,0,3.25809653802148,1,0,0
"846",428,"TRAIN",1,2,0,19,1,3.25809653802148,1,0,0
"847",429,"TRAIN",0,3,1,65,1,2.04769284336526,0,0,1
"848",430,"TRAIN",1,3,1,32,1,2.08567209143047,1,0,0
"849",431,"TRAIN",1,1,1,28,1,3.27902974768795,1,0,0
"850",432,"TRAIN",1,3,0,19,0,2.77881927199042,1,0,0
"851",433,"TRAIN",1,2,0,42,0,3.25809653802148,1,0,0
"852",434,"TRAIN",0,3,1,17,1,1.96360972615471,1,0,0
"853",435,"TRAIN",0,1,1,50,0,4.02356438016105,1,0,0
"854",436,"TRAIN",1,1,0,14,0,4.78749174278205,1,0,0
"855",437,"TRAIN",0,3,0,21,0,3.53732955598674,1,0,0
"856",438,"TRAIN",1,2,0,24,0,2.93119375241642,1,0,0
"857",439,"TRAIN",0,1,1,64,0,5.57215403217776,1,0,0
"858",440,"TRAIN",0,2,1,31,1,2.35137525716348,1,0,0
"859",441,"TRAIN",1,2,0,45,0,3.26766598903763,1,0,0
"860",442,"TRAIN",0,3,1,20,1,2.2512917986065,1,0,0
"861",443,"TRAIN",0,3,1,25,0,2.0509134580653,1,0,0
"862",444,"TRAIN",1,2,0,28,1,2.56494935746154,1,0,0
"863",445,"TRAIN",1,3,1,24,1,2.09340608203021,1,0,0
"864",446,"TRAIN",1,1,1,4,0,4.40498970368517,1,0,0
"865",447,"TRAIN",1,2,0,13,0,2.9704144655697,1,0,0
"866",448,"TRAIN",1,1,1,34,1,3.27902974768795,1,0,0
"867",449,"TRAIN",1,3,0,5,0,2.95794213663839,0,1,0
"868",450,"TRAIN",1,1,1,52,1,3.41772668361337,1,0,0
"869",451,"TRAIN",0,2,1,36,0,3.32323584019244,1,0,0
"870",452,"TRAIN",0,3,1,36.5,0,2.99406588590098,1,0,0
"871",453,"TRAIN",0,1,1,30,1,3.32323584019244,0,1,0
"872",454,"TRAIN",1,1,1,49,0,4.48980647141294,0,1,0
"873",455,"TRAIN",0,3,1,32,1,2.08567209143047,1,0,0
"874",456,"TRAIN",1,3,1,29,1,2.06633097252974,0,1,0
"875",457,"TRAIN",0,1,1,65,1,3.27902974768795,1,0,0
"876",458,"TRAIN",1,1,0,35,0,3.94859598565899,1,0,0
"877",459,"TRAIN",1,2,0,50,1,2.35137525716348,1,0,0
"878",460,"TRAIN",0,3,1,65,1,2.04769284336526,0,0,1
"879",461,"TRAIN",1,1,1,48,1,3.27902974768795,1,0,0
"880",462,"TRAIN",0,3,1,34,1,2.08567209143047,1,0,0
"881",463,"TRAIN",0,1,1,47,1,3.65065824129374,1,0,0
"882",464,"TRAIN",0,2,1,48,1,2.56494935746154,1,0,0
"883",465,"TRAIN",0,3,1,32,1,2.08567209143047,1,0,0
"884",466,"TRAIN",0,3,1,38,1,1.95302761682418,1,0,0
"885",467,"TRAIN",0,2,1,24,1,0,1,0,0
"886",468,"TRAIN",0,1,1,56,1,3.27902974768795,1,0,0
"887",469,"TRAIN",0,3,1,25,1,2.04446182278381,0,0,1
"888",470,"TRAIN",1,3,0,0.75,0,2.95794213663839,0,1,0
"889",471,"TRAIN",0,3,1,36,1,1.98100146886658,1,0,0
"890",472,"TRAIN",0,3,1,38,1,2.15900336451602,1,0,0
"891",473,"TRAIN",1,2,0,33,0,3.32323584019244,1,0,0
"892",474,"TRAIN",1,2,0,23,1,2.62406696194463,0,1,0
"893",475,"TRAIN",0,3,0,22,1,2.28620161374352,1,0,0
"894",476,"TRAIN",0,1,1,47,1,3.95124371858143,1,0,0
"895",477,"TRAIN",0,2,1,34,0,3.04452243772342,1,0,0
"896",478,"TRAIN",0,3,1,29,0,1.95243169461695,1,0,0
"897",479,"TRAIN",0,3,1,22,1,2.0176725152822,1,0,0
"898",480,"TRAIN",1,3,0,2,0,2.50858248547328,1,0,0
"899",481,"TRAIN",0,3,1,9,0,3.84801767545223,1,0,0
"900",482,"TRAIN",0,2,1,24,1,0,1,0,0
"901",483,"TRAIN",0,3,1,50,1,2.08567209143047,1,0,0
"902",484,"TRAIN",1,3,0,63,1,2.26046016669337,1,0,0
"903",485,"TRAIN",1,1,1,25,0,4.51172945766992,0,1,0
"904",486,"TRAIN",0,3,0,8,0,3.23737171640403,1,0,0
"905",487,"TRAIN",1,1,0,35,0,4.49980967033027,1,0,0
"906",488,"TRAIN",0,1,1,58,1,3.39114704580865,0,1,0
"907",489,"TRAIN",0,3,1,30,1,2.08567209143047,1,0,0
"908",490,"TRAIN",1,3,1,9,0,2.76631910922619,1,0,0
"909",491,"TRAIN",0,3,1,36.5,0,2.99406588590098,1,0,0
"910",492,"TRAIN",0,3,1,21,1,1.98100146886658,1,0,0
"911",493,"TRAIN",0,1,1,55,1,3.41772668361337,1,0,0
"912",494,"TRAIN",0,1,1,70.5,1,3.90205751446006,0,1,0
"913",495,"TRAIN",0,3,1,21,1,2.08567209143047,1,0,0
"914",496,"TRAIN",0,3,1,26,1,2.67126864412075,0,1,0
"915",497,"TRAIN",1,1,0,54,0,4.36012222518012,0,1,0
"916",498,"TRAIN",0,3,1,40.5,1,2.71469474382088,1,0,0
"917",499,"TRAIN",0,1,0,25,0,5.02091560350381,1,0,0
"918",500,"TRAIN",0,3,1,24,1,2.05358512713461,1,0,0
"919",501,"TRAIN",0,3,1,17,1,2.15900336451602,1,0,0
"920",502,"TRAIN",0,3,0,21,1,2.04769284336526,0,0,1
"921",503,"TRAIN",0,3,0,22,1,2.03198299052013,0,0,1
"922",504,"TRAIN",0,3,0,37,1,2.26046016669337,1,0,0
"923",505,"TRAIN",1,1,0,16,1,4.46014441393783,1,0,0
"924",506,"TRAIN",0,1,1,18,0,4.69043002993891,0,1,0
"925",507,"TRAIN",1,2,0,33,0,3.25809653802148,1,0,0
"926",508,"TRAIN",1,1,1,42,1,3.27902974768795,1,0,0
"927",509,"TRAIN",0,3,1,28,1,3.1146258034944,1,0,0
"928",510,"TRAIN",1,3,1,26,1,4.03416629910613,1,0,0
"929",511,"TRAIN",1,3,1,29,1,2.04769284336526,0,0,1
"930",512,"TRAIN",0,3,1,32,1,2.08567209143047,1,0,0
"931",513,"TRAIN",1,1,1,36,1,3.26909354102882,1,0,0
"932",514,"TRAIN",1,1,0,54,0,4.0842942263686,0,1,0
"933",515,"TRAIN",0,3,1,24,1,2.0143428636837,1,0,0
"934",516,"TRAIN",0,1,1,47,1,3.5269721022703,1,0,0
"935",517,"TRAIN",1,2,0,34,1,2.35137525716348,1,0,0
"936",518,"TRAIN",0,3,1,26,1,3.18428438009858,0,0,1
"937",519,"TRAIN",1,2,0,36,0,3.25809653802148,1,0,0
"938",520,"TRAIN",0,3,1,32,1,2.06633097252974,1,0,0
"939",521,"TRAIN",1,1,0,30,1,4.53796143629464,1,0,0
"940",522,"TRAIN",0,3,1,22,1,2.06633097252974,1,0,0
"941",523,"TRAIN",0,3,1,22.5,1,1.9775472339985,0,1,0
"942",524,"TRAIN",1,1,0,44,0,4.06008432553699,0,1,0
"943",525,"TRAIN",0,3,1,25,1,1.97812837997935,0,1,0
"944",526,"TRAIN",0,3,1,40.5,1,2.04769284336526,0,0,1
"945",527,"TRAIN",1,2,0,50,1,2.35137525716348,1,0,0
"946",528,"TRAIN",0,1,1,57,1,5.40168229234028,1,0,0
"947",529,"TRAIN",0,3,1,39,1,2.07002231976334,1,0,0
"948",530,"TRAIN",0,2,1,23,0,2.4423470353692,1,0,0
"949",531,"TRAIN",1,2,0,2,0,3.25809653802148,1,0,0
"950",532,"TRAIN",0,3,1,25,1,1.97812837997935,0,1,0
"951",533,"TRAIN",0,3,1,17,0,1.97812837997935,0,1,0
"952",534,"TRAIN",1,3,0,9,0,3.10719761677404,0,1,0
"953",535,"TRAIN",0,3,0,30,1,2.15900336451602,1,0,0
"954",536,"TRAIN",1,2,0,7,0,3.26766598903763,1,0,0
"955",537,"TRAIN",0,1,1,45,1,3.27902974768795,1,0,0
"956",538,"TRAIN",1,1,0,30,1,4.66744051171422,0,1,0
"957",539,"TRAIN",0,3,1,40.5,1,2.67414864942653,1,0,0
"958",540,"TRAIN",1,1,0,22,0,3.90197266957464,0,1,0
"959",541,"TRAIN",1,1,0,36,0,4.26267987704132,1,0,0
"960",542,"TRAIN",0,3,0,9,0,3.44281905635297,1,0,0
"961",543,"TRAIN",0,3,0,11,0,3.44281905635297,1,0,0
"962",544,"TRAIN",1,2,1,32,0,3.25809653802148,1,0,0
"963",545,"TRAIN",0,1,1,50,0,4.66744051171422,0,1,0
"964",546,"TRAIN",0,1,1,64,1,3.25809653802148,1,0,0
"965",547,"TRAIN",1,2,0,19,0,3.25809653802148,1,0,0
"966",548,"TRAIN",1,2,1,29,1,2.62918735267649,0,1,0
"967",549,"TRAIN",0,3,1,33,0,3.02164365533849,1,0,0
"968",550,"TRAIN",1,2,1,8,0,3.60413822565885,1,0,0
"969",551,"TRAIN",1,1,1,17,0,4.70847829690348,0,1,0
"970",552,"TRAIN",0,2,1,27,1,3.25809653802148,1,0,0
"971",553,"TRAIN",0,3,1,26,1,2.05786033364623,0,0,1
"972",554,"TRAIN",1,3,1,22,1,1.9775472339985,0,1,0
"973",555,"TRAIN",1,3,0,22,1,2.0509134580653,1,0,0
"974",556,"TRAIN",0,1,1,62,1,3.27902974768795,1,0,0
"975",557,"TRAIN",1,1,0,48,0,3.67882911826043,0,1,0
"976",558,"TRAIN",0,1,1,32.5,1,5.42726012246342,0,1,0
"977",559,"TRAIN",1,1,0,39,0,4.37764203635606,1,0,0
"978",560,"TRAIN",1,3,0,36,0,2.85647020622048,1,0,0
"979",561,"TRAIN",0,3,1,65,1,2.04769284336526,0,0,1
"980",562,"TRAIN",0,3,1,40,1,2.06633097252974,1,0,0
"981",563,"TRAIN",0,2,1,28,1,2.60268968544438,1,0,0
"982",564,"TRAIN",0,3,1,32,1,2.08567209143047,1,0,0
"983",565,"TRAIN",0,3,0,23,1,2.08567209143047,1,0,0
"984",566,"TRAIN",0,3,1,24,0,3.18428438009858,1,0,0
"985",567,"TRAIN",0,3,1,19,1,2.06633097252974,1,0,0
"986",568,"TRAIN",0,3,0,29,0,3.04808750388792,1,0,0
"987",569,"TRAIN",0,3,1,25,1,1.97812837997935,0,1,0
"988",570,"TRAIN",1,3,1,32,1,2.06104842056294,1,0,0
"989",571,"TRAIN",1,2,1,62,1,2.35137525716348,1,0,0
"990",572,"TRAIN",1,1,0,53,0,3.94117784259164,1,0,0
"991",573,"TRAIN",1,1,1,36,1,3.27289041317444,1,0,0
"992",574,"TRAIN",1,3,0,24,1,2.04769284336526,0,0,1
"993",575,"TRAIN",0,3,1,16,1,2.08567209143047,1,0,0
"994",576,"TRAIN",0,3,1,19,1,2.67414864942653,1,0,0
"995",577,"TRAIN",1,2,0,34,1,2.56494935746154,1,0,0
"996",578,"TRAIN",1,1,0,39,0,4.02356438016105,1,0,0
"997",579,"TRAIN",0,3,0,18,0,2.67126864412075,0,1,0
"998",580,"TRAIN",1,3,1,32,1,2.07002231976334,1,0,0
"999",581,"TRAIN",1,2,0,25,0,3.40119738166216,1,0,0
"1000",582,"TRAIN",1,1,0,39,0,4.70847829690348,0,1,0
"1001",583,"TRAIN",0,2,1,54,1,3.25809653802148,1,0,0
"1002",584,"TRAIN",0,1,1,36,1,3.69199958145018,0,1,0
"1003",585,"TRAIN",0,3,1,33,1,2.16475877608664,0,1,0
"1004",586,"TRAIN",1,1,0,18,0,4.37764203635606,1,0,0
"1005",587,"TRAIN",0,2,1,47,1,2.70805020110221,1,0,0
"1006",588,"TRAIN",1,1,1,60,0,4.37197629882038,0,1,0
"1007",589,"TRAIN",0,3,1,22,1,2.08567209143047,1,0,0
"1008",590,"TRAIN",0,3,1,32,1,2.08567209143047,1,0,0
"1009",591,"TRAIN",0,3,1,35,1,1.96360972615471,1,0,0
"1010",592,"TRAIN",1,1,0,52,0,4.36012222518012,0,1,0
"1011",593,"TRAIN",0,3,1,47,1,1.98100146886658,1,0,0
"1012",594,"TRAIN",0,3,0,24,0,2.04769284336526,0,0,1
"1013",595,"TRAIN",0,2,1,37,0,3.25809653802148,1,0,0
"1014",596,"TRAIN",0,3,1,36,0,3.18428438009858,1,0,0
"1015",597,"TRAIN",1,2,0,20,1,3.49650756146648,1,0,0
"1016",598,"TRAIN",0,3,1,49,1,0,1,0,0
"1017",599,"TRAIN",0,3,1,22.5,1,1.9775472339985,0,1,0
"1018",600,"TRAIN",1,1,1,49,0,4.04180839051927,0,1,0
"1019",601,"TRAIN",1,2,0,24,0,3.29583686600433,1,0,0
"1020",602,"TRAIN",0,3,1,21,1,2.06633097252974,1,0,0
"1021",603,"TRAIN",0,1,1,42,1,3.74714836223791,1,0,0
"1022",604,"TRAIN",0,3,1,44,1,2.08567209143047,1,0,0
"1023",605,"TRAIN",1,1,1,35,1,3.27902974768795,0,1,0
"1024",606,"TRAIN",0,3,1,36,0,2.74406063862524,1,0,0
"1025",607,"TRAIN",0,3,1,30,1,2.06633097252974,1,0,0
"1026",608,"TRAIN",1,1,1,27,1,3.41772668361337,1,0,0
"1027",609,"TRAIN",1,2,0,22,0,3.72760004222554,0,1,0
"1028",610,"TRAIN",1,1,0,40,1,5.03345623750696,1,0,0
"1029",611,"TRAIN",0,3,0,39,0,3.44281905635297,1,0,0
"1030",612,"TRAIN",0,3,1,23,1,1.95302761682418,1,0,0
"1031",613,"TRAIN",1,3,0,18,0,2.7408400239252,0,0,1
"1032",614,"TRAIN",0,3,1,65,1,2.04769284336526,0,0,1
"1033",615,"TRAIN",0,3,1,35,1,2.08567209143047,1,0,0
"1034",616,"TRAIN",1,2,0,24,0,4.17438726989564,1,0,0
"1035",617,"TRAIN",0,3,1,34,0,2.66722820658195,1,0,0
"1036",618,"TRAIN",0,3,0,26,0,2.77881927199042,1,0,0
"1037",619,"TRAIN",1,2,0,4,0,3.66356164612965,1,0,0
"1038",620,"TRAIN",0,2,1,26,1,2.35137525716348,1,0,0
"1039",621,"TRAIN",0,3,1,27,0,2.6709850297652,0,1,0
"1040",622,"TRAIN",1,1,1,42,0,3.96184501801123,1,0,0
"1041",623,"TRAIN",1,3,1,20,0,2.75631324223972,0,1,0
"1042",624,"TRAIN",0,3,1,21,1,2.06104842056294,1,0,0
"1043",625,"TRAIN",0,3,1,21,1,2.77881927199042,1,0,0
"1044",626,"TRAIN",0,1,1,61,1,3.4757109858218,1,0,0
"1045",627,"TRAIN",0,2,1,57,1,2.51365606307399,0,0,1
"1046",628,"TRAIN",1,1,0,21,1,4.35617406834722,1,0,0
"1047",629,"TRAIN",0,3,1,26,1,2.06633097252974,1,0,0
"1048",630,"TRAIN",0,3,1,25,1,2.04553567965004,0,0,1
"1049",631,"TRAIN",1,1,1,70.5,1,3.40119738166216,1,0,0
"1050",632,"TRAIN",0,3,1,51,1,1.95362318411961,1,0,0
"1051",633,"TRAIN",1,1,1,32,1,3.41772668361337,0,1,0
"1052",634,"TRAIN",0,1,1,40,1,0,1,0,0
"1053",635,"TRAIN",0,3,0,9,0,3.32862668882732,1,0,0
"1054",636,"TRAIN",1,2,0,28,1,2.56494935746154,1,0,0
"1055",637,"TRAIN",0,3,1,32,1,2.07002231976334,1,0,0
"1056",638,"TRAIN",0,2,1,31,0,3.26766598903763,1,0,0
"1057",639,"TRAIN",0,3,0,41,0,3.68103627665291,1,0,0
"1058",640,"TRAIN",0,3,1,30,0,2.77881927199042,1,0,0
"1059",641,"TRAIN",0,3,1,20,1,2.06104842056294,1,0,0
"1060",642,"TRAIN",1,1,0,24,1,4.23844490619586,0,1,0
"1061",643,"TRAIN",0,3,0,2,0,3.32862668882732,1,0,0
"1062",644,"TRAIN",1,3,1,28,1,4.03416629910613,1,0,0
"1063",645,"TRAIN",1,3,0,0.75,0,2.95794213663839,0,1,0
"1064",646,"TRAIN",1,1,1,48,0,4.34028233996554,0,1,0
"1065",647,"TRAIN",0,3,1,19,1,2.06633097252974,1,0,0
"1066",648,"TRAIN",1,1,1,56,1,3.56953269648137,0,1,0
"1067",649,"TRAIN",0,3,1,32,1,2.02154756326093,1,0,0
"1068",650,"TRAIN",1,3,0,23,1,2.02154756326093,1,0,0
"1069",651,"TRAIN",0,3,1,21,1,2.06633097252974,1,0,0
"1070",652,"TRAIN",1,2,0,18,0,3.13549421592915,1,0,0
"1071",653,"TRAIN",0,3,1,21,1,2.13218815448838,1,0,0
"1072",654,"TRAIN",1,3,0,19,1,2.05786033364623,0,0,1
"1073",655,"TRAIN",0,3,0,18,1,1.90954250488444,0,0,1
"1074",656,"TRAIN",0,2,1,24,0,4.29728540621879,1,0,0
"1075",657,"TRAIN",0,3,1,21,1,2.06633097252974,1,0,0
"1076",658,"TRAIN",0,3,0,32,0,2.7408400239252,0,0,1
"1077",659,"TRAIN",0,2,1,23,1,2.56494935746154,1,0,0
"1078",660,"TRAIN",0,1,1,58,0,4.7298184905532,0,1,0
"1079",661,"TRAIN",1,1,1,50,0,4.89522444258493,1,0,0
"1080",662,"TRAIN",0,3,1,40,1,1.9775472339985,0,1,0
"1081",663,"TRAIN",0,1,1,47,1,3.24210395098741,1,0,0
"1082",664,"TRAIN",0,3,1,36,1,2.0143428636837,1,0,0
"1083",665,"TRAIN",1,3,1,20,0,2.07002231976334,1,0,0
"1084",666,"TRAIN",0,2,1,32,0,4.29728540621879,1,0,0
"1085",667,"TRAIN",0,2,1,25,1,2.56494935746154,1,0,0
"1086",668,"TRAIN",0,3,1,26,1,2.0509134580653,1,0,0
"1087",669,"TRAIN",0,3,1,43,1,2.08567209143047,1,0,0
"1088",670,"TRAIN",1,1,0,35,0,3.95124371858143,1,0,0
"1089",671,"TRAIN",1,2,0,40,0,3.66356164612965,1,0,0
"1090",672,"TRAIN",0,1,1,31,0,3.95124371858143,1,0,0
"1091",673,"TRAIN",0,2,1,70,1,2.35137525716348,1,0,0
"1092",674,"TRAIN",1,2,1,31,1,2.56494935746154,1,0,0
"1093",675,"TRAIN",0,2,1,24,1,0,1,0,0
"1094",676,"TRAIN",0,3,1,18,1,2.0509134580653,1,0,0
"1095",677,"TRAIN",0,3,1,24.5,1,2.08567209143047,1,0,0
"1096",678,"TRAIN",1,3,0,18,1,2.28662846036978,1,0,0
"1097",679,"TRAIN",0,3,0,43,0,3.84801767545223,1,0,0
"1098",680,"TRAIN",1,1,1,36,0,6.23896738717366,0,1,0
"1099",681,"TRAIN",0,3,0,18,1,2.09648300753469,0,0,1
"1100",682,"TRAIN",1,1,1,27,1,4.34028233996554,0,1,0
"1101",683,"TRAIN",0,3,1,20,1,2.22191718992659,1,0,0
"1102",684,"TRAIN",0,3,1,14,0,3.84801767545223,1,0,0
"1103",685,"TRAIN",0,2,1,60,0,3.66356164612965,1,0,0
"1104",686,"TRAIN",0,2,1,25,0,3.72760004222554,0,1,0
"1105",687,"TRAIN",0,3,1,14,0,3.68103627665291,1,0,0
"1106",688,"TRAIN",0,3,1,19,1,2.31952086970025,1,0,0
"1107",689,"TRAIN",0,3,1,18,1,2.05358512713461,1,0,0
"1108",690,"TRAIN",1,1,0,15,0,5.35345638166308,1,0,0
"1109",691,"TRAIN",1,1,1,31,0,4.04305126783455,1,0,0
"1110",692,"TRAIN",1,3,0,4,0,2.59650019966543,0,1,0
"1111",693,"TRAIN",1,3,1,28,1,4.03416629910613,1,0,0
"1112",694,"TRAIN",0,3,1,25,1,1.9775472339985,0,1,0
"1113",695,"TRAIN",0,1,1,60,1,3.27902974768795,1,0,0
"1114",696,"TRAIN",0,2,1,52,1,2.60268968544438,1,0,0
"1115",697,"TRAIN",0,3,1,44,1,2.08567209143047,1,0,0
"1116",698,"TRAIN",1,3,0,17,1,2.04553567965004,0,0,1
"1117",699,"TRAIN",0,1,1,49,0,4.70847829690348,0,1,0
"1118",700,"TRAIN",0,3,1,42,1,2.03470564783844,1,0,0
"1119",701,"TRAIN",1,1,0,18,0,5.42726012246342,0,1,0
"1120",702,"TRAIN",1,1,1,35,1,3.26909354102882,1,0,0
"1121",703,"TRAIN",0,3,0,18,0,2.6709850297652,0,1,0
"1122",704,"TRAIN",0,3,1,25,1,2.04662130172758,0,0,1
"1123",705,"TRAIN",0,3,1,26,0,2.06104842056294,1,0,0
"1124",706,"TRAIN",0,2,1,39,1,3.25809653802148,1,0,0
"1125",707,"TRAIN",1,2,0,45,1,2.60268968544438,1,0,0
"1126",708,"TRAIN",1,1,1,42,1,3.26909354102882,1,0,0
"1127",709,"TRAIN",1,1,0,22,1,5.02091560350381,1,0,0
"1128",710,"TRAIN",1,3,1,7,0,2.7243040552851,0,1,0
"1129",711,"TRAIN",1,1,0,24,1,3.90205751446006,0,1,0
"1130",712,"TRAIN",0,1,1,42,1,3.27902974768795,1,0,0
"1131",713,"TRAIN",1,1,1,48,0,3.95124371858143,1,0,0
"1132",714,"TRAIN",0,3,1,29,1,2.24953235695956,1,0,0
"1133",715,"TRAIN",0,2,1,52,1,2.56494935746154,1,0,0
"1134",716,"TRAIN",0,3,1,19,1,2.03470564783844,1,0,0
"1135",717,"TRAIN",1,1,0,38,1,5.42726012246342,0,1,0
"1136",718,"TRAIN",1,2,0,27,1,2.35137525716348,1,0,0
"1137",719,"TRAIN",0,3,1,26,1,2.7408400239252,0,0,1
"1138",720,"TRAIN",0,3,1,33,1,2.0509134580653,1,0,0
"1139",721,"TRAIN",1,2,0,6,0,3.49650756146648,1,0,0
"1140",722,"TRAIN",0,3,1,17,0,1.95362318411961,1,0,0
"1141",723,"TRAIN",0,2,1,34,1,2.56494935746154,1,0,0
"1142",724,"TRAIN",0,2,1,50,1,2.56494935746154,1,0,0
"1143",725,"TRAIN",1,1,1,27,0,3.97217692824789,1,0,0
"1144",726,"TRAIN",0,3,1,20,1,2.15900336451602,1,0,0
"1145",727,"TRAIN",1,2,0,30,0,3.04452243772342,1,0,0
"1146",728,"TRAIN",1,3,0,17,1,2.04607863801071,0,0,1
"1147",729,"TRAIN",0,2,1,25,0,3.25809653802148,1,0,0
"1148",730,"TRAIN",0,3,0,25,0,2.07002231976334,1,0,0
"1149",731,"TRAIN",1,1,0,29,1,5.35345638166308,1,0,0
"1150",732,"TRAIN",0,3,1,11,1,2.93319175507909,0,1,0
"1151",733,"TRAIN",0,2,1,24,1,0,1,0,0
"1152",734,"TRAIN",0,2,1,23,1,2.56494935746154,1,0,0
"1153",735,"TRAIN",0,2,1,23,1,2.56494935746154,1,0,0
"1154",736,"TRAIN",0,3,1,28.5,1,2.77881927199042,1,0,0
"1155",737,"TRAIN",0,3,0,48,0,3.53732955598674,1,0,0
"1156",738,"TRAIN",1,1,1,35,1,6.23896738717366,0,1,0
"1157",739,"TRAIN",0,3,1,21,1,2.06633097252974,1,0,0
"1158",740,"TRAIN",0,3,1,21,1,2.06633097252974,1,0,0
"1159",741,"TRAIN",1,1,1,41,1,3.40119738166216,1,0,0
"1160",742,"TRAIN",0,1,1,36,0,4.36754731340905,1,0,0
"1161",743,"TRAIN",1,1,0,21,0,5.5697747781408,0,1,0
"1162",744,"TRAIN",0,3,1,24,0,2.77881927199042,1,0,0
"1163",745,"TRAIN",1,3,1,31,1,2.07002231976334,1,0,0
"1164",746,"TRAIN",0,1,1,70,0,4.26267987704132,1,0,0
"1165",747,"TRAIN",0,3,1,16,0,3.00815479355255,1,0,0
"1166",748,"TRAIN",1,2,0,30,1,2.56494935746154,1,0,0
"1167",749,"TRAIN",0,1,1,19,0,3.97217692824789,1,0,0
"1168",750,"TRAIN",0,3,1,31,1,2.04769284336526,0,0,1
"1169",751,"TRAIN",1,2,0,4,0,3.13549421592915,1,0,0
"1170",752,"TRAIN",1,3,1,6,0,2.52372664163758,1,0,0
"1171",753,"TRAIN",0,3,1,33,1,2.2512917986065,1,0,0
"1172",754,"TRAIN",0,3,1,23,1,2.06633097252974,1,0,0
"1173",755,"TRAIN",1,2,0,48,0,4.17438726989564,1,0,0
"1174",756,"TRAIN",1,2,1,0.67,0,2.67414864942653,1,0,0
"1175",757,"TRAIN",0,3,1,28,1,2.05358512713461,1,0,0
"1176",758,"TRAIN",0,2,1,18,1,2.4423470353692,1,0,0
"1177",759,"TRAIN",0,3,1,34,1,2.08567209143047,1,0,0
"1178",760,"TRAIN",1,1,0,33,1,4.46014441393783,1,0,0
"1179",761,"TRAIN",0,3,1,40.5,1,2.67414864942653,1,0,0
"1180",762,"TRAIN",0,3,1,41,1,1.96360972615471,1,0,0
"1181",763,"TRAIN",1,3,1,20,1,1.97812837997935,0,1,0
"1182",764,"TRAIN",1,1,0,36,0,4.78749174278205,1,0,0
"1183",765,"TRAIN",0,3,1,16,1,2.0509134580653,1,0,0
"1184",766,"TRAIN",1,1,0,51,0,4.35617406834722,1,0,0
"1185",767,"TRAIN",0,1,1,56,1,3.67882911826043,0,1,0
"1186",768,"TRAIN",0,3,0,30.5,1,2.04769284336526,0,0,1
"1187",769,"TRAIN",0,3,1,34.5,0,3.18428438009858,0,0,1
"1188",770,"TRAIN",0,3,1,32,1,2.12375742545435,1,0,0
"1189",771,"TRAIN",0,3,1,24,1,2.2512917986065,1,0,0
"1190",772,"TRAIN",0,3,1,48,1,2.06104842056294,1,0,0
"1191",773,"TRAIN",0,2,0,57,1,2.35137525716348,1,0,0
"1192",774,"TRAIN",0,3,1,22.5,1,1.9775472339985,0,1,0
"1193",775,"TRAIN",1,2,0,54,0,3.13549421592915,1,0,0
"1194",776,"TRAIN",0,3,1,18,1,2.04769284336526,1,0,0
"1195",777,"TRAIN",0,3,1,65,1,2.04769284336526,0,0,1
"1196",778,"TRAIN",1,3,0,5,1,2.52372664163758,1,0,0
"1197",779,"TRAIN",0,3,1,25,1,2.04607863801071,0,0,1
"1198",780,"TRAIN",1,1,0,43,0,5.35345638166308,1,0,0
"1199",781,"TRAIN",1,3,0,13,1,1.97812837997935,0,1,0
"1200",782,"TRAIN",1,1,0,17,0,4.04305126783455,1,0,0
"1201",783,"TRAIN",0,1,1,29,1,3.40119738166216,1,0,0
"1202",784,"TRAIN",0,3,1,26,0,3.15487049489229,1,0,0
"1203",785,"TRAIN",0,3,1,25,1,1.95302761682418,1,0,0
"1204",786,"TRAIN",0,3,1,25,1,1.98100146886658,1,0,0
"1205",787,"TRAIN",1,3,0,18,1,2.0143428636837,1,0,0
"1206",788,"TRAIN",0,3,1,8,0,3.37159691188586,0,0,1
"1207",789,"TRAIN",1,3,1,1,0,3.02407674656313,1,0,0
"1208",790,"TRAIN",0,1,1,46,1,4.37197629882038,0,1,0
"1209",791,"TRAIN",0,3,1,65,1,2.04769284336526,0,0,1
"1210",792,"TRAIN",0,2,1,16,1,3.25809653802148,1,0,0
"1211",793,"TRAIN",0,3,0,16,0,4.24204591836945,1,0,0
"1212",794,"TRAIN",0,1,1,40,1,3.42412583741652,0,1,0
"1213",795,"TRAIN",0,3,1,25,1,2.06633097252974,1,0,0
"1214",796,"TRAIN",0,2,1,39,1,2.56494935746154,1,0,0
"1215",797,"TRAIN",1,1,0,49,1,3.25536974677999,1,0,0
"1216",798,"TRAIN",1,3,0,31,1,2.16140164075231,1,0,0
"1217",799,"TRAIN",0,3,1,30,1,1.97812837997935,0,1,0
"1218",800,"TRAIN",0,3,0,30,0,3.18428438009858,1,0,0
"1219",801,"TRAIN",0,2,1,34,1,2.56494935746154,1,0,0
"1220",802,"TRAIN",1,2,0,31,0,3.26766598903763,1,0,0
"1221",803,"TRAIN",1,1,1,11,0,4.78749174278205,1,0,0
"1222",804,"TRAIN",1,3,1,0.42,0,2.14202894186827,0,1,0
"1223",805,"TRAIN",1,3,1,27,1,1.94233232770743,1,0,0
"1224",806,"TRAIN",0,3,1,31,1,2.0509134580653,1,0,0
"1225",807,"TRAIN",0,1,1,39,1,0,1,0,0
"1226",808,"TRAIN",0,3,0,18,1,2.0509134580653,1,0,0
"1227",809,"TRAIN",0,2,1,39,1,2.56494935746154,1,0,0
"1228",810,"TRAIN",1,1,0,33,0,3.97217692824789,1,0,0
"1229",811,"TRAIN",0,3,1,26,1,2.06527922786733,1,0,0
"1230",812,"TRAIN",0,3,1,39,1,3.18428438009858,1,0,0
"1231",813,"TRAIN",0,2,1,35,1,2.35137525716348,1,0,0
"1232",814,"TRAIN",0,3,0,6,0,3.44281905635297,1,0,0
"1233",815,"TRAIN",0,3,1,30.5,1,2.08567209143047,1,0,0
"1234",816,"TRAIN",0,1,1,40,1,0,1,0,0
"1235",817,"TRAIN",0,3,0,23,1,2.07002231976334,1,0,0
"1236",818,"TRAIN",0,2,1,31,0,3.61103141971557,0,1,0
"1237",819,"TRAIN",0,3,1,43,1,1.86408013080768,1,0,0
"1238",820,"TRAIN",0,3,1,10,0,3.32862668882732,1,0,0
"1239",821,"TRAIN",1,1,0,52,0,4.53796143629464,1,0,0
"1240",822,"TRAIN",1,3,1,27,1,2.15900336451602,1,0,0
"1241",823,"TRAIN",0,1,1,38,1,0,1,0,0
"1242",824,"TRAIN",1,3,0,27,0,2.52372664163758,1,0,0
"1243",825,"TRAIN",0,3,1,2,0,3.68103627665291,1,0,0
"1244",826,"TRAIN",0,3,1,24,1,1.9387416595767,0,0,1
"1245",827,"TRAIN",0,3,1,28,1,4.03416629910613,1,0,0
"1246",828,"TRAIN",1,2,1,1,0,3.61103141971557,0,1,0
"1247",829,"TRAIN",1,3,1,65,1,2.04769284336526,0,0,1
"1248",830,"TRAIN",1,1,0,62,1,4.38202663467388,1,0,0
"1249",831,"TRAIN",1,3,0,15,0,2.6709850297652,0,1,0
"1250",832,"TRAIN",1,2,1,0.83,0,2.93119375241642,1,0,0
"1251",833,"TRAIN",0,3,1,25,1,1.97812837997935,0,1,0
"1252",834,"TRAIN",0,3,1,23,1,2.06104842056294,1,0,0
"1253",835,"TRAIN",0,3,1,18,1,2.11625551480255,1,0,0
"1254",836,"TRAIN",1,1,0,39,0,4.42074602026042,0,1,0
"1255",837,"TRAIN",0,3,1,21,1,2.15900336451602,1,0,0
"1256",838,"TRAIN",0,3,1,32,1,2.08567209143047,1,0,0
"1257",839,"TRAIN",1,3,1,32,1,4.03416629910613,1,0,0
"1258",840,"TRAIN",1,1,1,45,1,3.39114704580865,0,1,0
"1259",841,"TRAIN",0,3,1,20,1,2.07002231976334,1,0,0
"1260",842,"TRAIN",0,2,1,16,1,2.35137525716348,1,0,0
"1261",843,"TRAIN",1,1,0,30,1,3.43398720448515,0,1,0
"1262",844,"TRAIN",0,3,1,34.5,1,1.86214026598985,0,1,0
"1263",845,"TRAIN",0,3,1,17,1,2.15900336451602,1,0,0
"1264",846,"TRAIN",0,3,1,42,1,2.02154756326093,1,0,0
"1265",847,"TRAIN",0,3,1,14.5,0,4.24204591836945,1,0,0
"1266",848,"TRAIN",0,3,1,35,1,2.06633097252974,0,1,0
"1267",849,"TRAIN",0,2,1,28,0,3.49650756146648,1,0,0
"1268",850,"TRAIN",1,1,0,23,0,4.48980647141294,0,1,0
"1269",851,"TRAIN",0,3,1,4,0,3.44281905635297,1,0,0
"1270",852,"TRAIN",0,3,1,70.5,1,2.0509134580653,1,0,0
"1271",853,"TRAIN",0,3,0,9,0,2.7243040552851,0,1,0
"1272",854,"TRAIN",1,1,0,16,0,3.67376581630389,1,0,0
"1273",855,"TRAIN",0,2,0,44,0,3.25809653802148,1,0,0
"1274",856,"TRAIN",1,3,0,18,0,2.2353763433006,1,0,0
"1275",857,"TRAIN",1,1,0,45,0,5.10513726860277,1,0,0
"1276",858,"TRAIN",1,1,1,51,1,3.27902974768795,1,0,0
"1277",859,"TRAIN",1,3,0,24,0,2.95794213663839,0,1,0
"1278",860,"TRAIN",0,3,1,25,1,1.97812837997935,0,1,0
"1279",861,"TRAIN",0,3,1,41,0,2.64676327667848,1,0,0
"1280",862,"TRAIN",0,2,1,21,0,2.4423470353692,1,0,0
"1281",863,"TRAIN",1,1,0,48,1,3.25536974677999,1,0,0
"1282",864,"TRAIN",0,3,0,16,0,4.24204591836945,1,0,0
"1283",865,"TRAIN",0,2,1,24,1,2.56494935746154,1,0,0
"1284",866,"TRAIN",1,2,0,42,1,2.56494935746154,1,0,0
"1285",867,"TRAIN",1,2,0,27,0,2.62888433111635,0,1,0
"1286",868,"TRAIN",0,1,1,31,1,3.92189016450581,1,0,0
"1287",869,"TRAIN",0,3,1,32.5,1,2.2512917986065,1,0,0
"1288",870,"TRAIN",1,3,1,4,0,2.40994061729809,1,0,0
"1289",871,"TRAIN",0,3,1,26,1,2.06633097252974,1,0,0
"1290",872,"TRAIN",1,1,0,47,0,3.96184501801123,1,0,0
"1291",873,"TRAIN",0,1,1,33,1,1.6094379124341,1,0,0
"1292",874,"TRAIN",0,3,1,47,1,2.19722457733622,1,0,0
"1293",875,"TRAIN",1,2,0,28,0,3.17805383034795,0,1,0
"1294",876,"TRAIN",1,3,0,15,1,1.9775472339985,0,1,0
"1295",877,"TRAIN",0,3,1,20,1,2.28704496831231,1,0,0
"1296",878,"TRAIN",0,3,1,19,1,2.06633097252974,1,0,0
"1297",879,"TRAIN",0,3,1,21,1,2.06633097252974,1,0,0
"1298",880,"TRAIN",1,1,0,56,0,4.42074602026042,0,1,0
"1299",881,"TRAIN",1,2,0,25,0,3.25809653802148,1,0,0
"1300",882,"TRAIN",0,3,1,33,1,2.06633097252974,1,0,0
"1301",883,"TRAIN",0,3,0,22,1,2.3529644698862,1,0,0
"1302",884,"TRAIN",0,2,1,28,1,2.35137525716348,1,0,0
"1303",885,"TRAIN",0,3,1,25,1,1.95302761682418,1,0,0
"1304",886,"TRAIN",0,3,0,39,0,3.37159691188586,0,0,1
"1305",887,"TRAIN",0,2,1,27,1,2.56494935746154,1,0,0
"1306",888,"TRAIN",1,1,0,19,1,3.40119738166216,1,0,0
"1307",889,"TRAIN",0,3,0,33,0,3.15487049489229,1,0,0
"1308",890,"TRAIN",1,1,1,26,1,3.40119738166216,0,1,0
"1309",891,"TRAIN",0,3,1,32,1,2.04769284336526,0,0,1
